nohup: ignoring input
2026-09-25 18:33:41,329 [INFO] united_dialog: United Dialog запущен.
2026-09-25 18:33:41,333 [INFO] aiogram.dispatcher: Start polling
2026-09-25 18:33:41,557 [INFO] aiogram.dispatcher: Run polling for bot @UnitedDialogBot id=8824105826 - 'United Dialog'
2026-09-25 18:33:42,089 [INFO] aiogram.event: Update id=82901274 is handled. Duration 137 ms by bot id=8824105826
2026-09-25 18:33:42,200 [INFO] aiogram.event: Update id=82901276 is handled. Duration 110 ms by bot id=8824105826
2026-09-25 18:33:42,402 [INFO] aiogram.event: Update id=82901277 is handled. Duration 201 ms by bot id=8824105826
2026-09-25 18:33:42,576 [INFO] aiogram.event: Update id=82901278 is not handled. Duration 173 ms by bot id=8824105826
2026-09-25 18:33:42,752 [INFO] aiogram.event: Update id=82901279 is handled. Duration 175 ms by bot id=8824105826
2026-09-25 18:33:42,879 [INFO] aiogram.event: Update id=82901280 is handled. Duration 126 ms by bot id=8824105826
2026-09-25 18:33:43,023 [INFO] aiogram.event: Update id=82901281 is handled. Duration 144 ms by bot id=8824105826
2026-09-25 18:33:43,134 [INFO] aiogram.event: Update id=82901282 is handled. Duration 110 ms by bot id=8824105826
2026-09-25 18:33:43,248 [INFO] aiogram.event: Update id=82901283 is handled. Duration 113 ms by bot id=8824105826
2026-09-25 18:33:43,454 [INFO] aiogram.event: Update id=82901284 is handled. Duration 205 ms by bot id=8824105826
2026-09-25 18:33:43,672 [INFO] aiogram.event: Update id=82901285 is handled. Duration 217 ms by bot id=8824105826
2026-09-25 18:33:43,866 [INFO] aiogram.event: Update id=82901286 is handled. Duration 193 ms by bot id=8824105826
2026-09-25 18:33:44,041 [INFO] aiogram.event: Update id=82901287 is handled. Duration 174 ms by bot id=8824105826
2026-09-25 18:33:44,175 [INFO] aiogram.event: Update id=82901288 is handled. Duration 133 ms by bot id=8824105826
2026-09-25 18:33:44,287 [INFO] aiogram.event: Update id=82901289 is not handled. Duration 112 ms by bot id=8824105826
2026-09-25 18:33:44,442 [INFO] aiogram.event: Update id=82901290 is not handled. Duration 154 ms by bot id=8824105826
2026-09-25 18:33:44,611 [INFO] aiogram.event: Update id=82901291 is not handled. Duration 168 ms by bot id=8824105826
2026-09-25 18:33:44,761 [INFO] aiogram.event: Update id=82901292 is not handled. Duration 149 ms by bot id=8824105826
2026-09-25 18:33:44,844 [INFO] aiogram.event: Update id=82901294 is not handled. Duration 82 ms by bot id=8824105826
2026-09-25 18:33:44,938 [INFO] aiogram.event: Update id=82901295 is not handled. Duration 93 ms by bot id=8824105826
2026-09-25 18:33:45,081 [INFO] aiogram.event: Update id=82901297 is handled. Duration 141 ms by bot id=8824105826
2026-09-25 18:33:45,193 [INFO] aiogram.event: Update id=82901298 is handled. Duration 111 ms by bot id=8824105826
2026-09-25 18:33:45,354 [INFO] aiogram.event: Update id=82901299 is handled. Duration 160 ms by bot id=8824105826
2026-09-25 18:33:45,498 [INFO] aiogram.event: Update id=82901300 is not handled. Duration 142 ms by bot id=8824105826
2026-09-25 18:33:45,635 [INFO] aiogram.event: Update id=82901301 is not handled. Duration 136 ms by bot id=8824105826
2026-09-25 18:33:45,832 [INFO] aiogram.event: Update id=82901302 is not handled. Duration 196 ms by bot id=8824105826
2026-09-25 18:33:46,002 [INFO] aiogram.event: Update id=82901303 is handled. Duration 169 ms by bot id=8824105826
2026-09-25 18:33:46,095 [INFO] aiogram.event: Update id=82901304 is not handled. Duration 92 ms by bot id=8824105826
2026-09-25 18:33:46,179 [INFO] aiogram.event: Update id=82901305 is not handled. Duration 83 ms by bot id=8824105826
2026-09-25 18:33:46,312 [INFO] aiogram.event: Update id=82901306 is not handled. Duration 132 ms by bot id=8824105826
2026-09-25 18:33:46,395 [INFO] aiogram.event: Update id=82901307 is not handled. Duration 82 ms by bot id=8824105826
2026-09-25 18:33:46,517 [INFO] aiogram.event: Update id=82901308 is not handled. Duration 122 ms by bot id=8824105826
2026-09-25 18:33:46,632 [INFO] aiogram.event: Update id=82901309 is not handled. Duration 114 ms by bot id=8824105826
2026-09-25 18:33:46,696 [INFO] aiogram.event: Update id=82901310 is not handled. Duration 63 ms by bot id=8824105826
2026-09-25 18:33:46,768 [INFO] aiogram.event: Update id=82901311 is not handled. Duration 72 ms by bot id=8824105826
2026-09-25 18:33:46,831 [INFO] aiogram.event: Update id=82901312 is handled. Duration 62 ms by bot id=8824105826
2026-09-25 18:33:46,920 [INFO] aiogram.event: Update id=82901313 is not handled. Duration 88 ms by bot id=8824105826
2026-09-25 18:33:47,049 [INFO] aiogram.event: Update id=82901314 is not handled. Duration 128 ms by bot id=8824105826
2026-09-25 18:33:47,102 [INFO] aiogram.event: Update id=82901315 is handled. Duration 52 ms by bot id=8824105826
2026-09-25 18:33:47,176 [INFO] aiogram.event: Update id=82901316 is not handled. Duration 74 ms by bot id=8824105826
2026-09-25 18:33:47,251 [INFO] aiogram.event: Update id=82901317 is not handled. Duration 73 ms by bot id=8824105826
2026-09-25 18:33:47,334 [INFO] aiogram.event: Update id=82901318 is handled. Duration 82 ms by bot id=8824105826
2026-09-25 18:33:47,422 [INFO] aiogram.event: Update id=82901319 is handled. Duration 87 ms by bot id=8824105826
2026-09-25 18:33:47,549 [INFO] aiogram.event: Update id=82901320 is not handled. Duration 125 ms by bot id=8824105826
2026-09-25 18:33:47,671 [INFO] aiogram.event: Update id=82901321 is not handled. Duration 122 ms by bot id=8824105826
2026-09-25 18:33:47,799 [INFO] aiogram.event: Update id=82901322 is not handled. Duration 126 ms by bot id=8824105826
2026-09-25 18:33:47,933 [INFO] aiogram.event: Update id=82901323 is not handled. Duration 133 ms by bot id=8824105826
2026-09-25 18:33:48,025 [INFO] aiogram.event: Update id=82901324 is not handled. Duration 91 ms by bot id=8824105826
2026-09-25 18:33:48,126 [INFO] aiogram.event: Update id=82901325 is not handled. Duration 99 ms by bot id=8824105826
2026-09-25 18:33:48,232 [INFO] aiogram.event: Update id=82901326 is not handled. Duration 106 ms by bot id=8824105826
2026-09-25 18:33:48,343 [INFO] aiogram.event: Update id=82901328 is handled. Duration 109 ms by bot id=8824105826
2026-09-25 18:33:48,493 [INFO] aiogram.event: Update id=82901329 is handled. Duration 148 ms by bot id=8824105826
2026-09-25 18:33:48,633 [INFO] aiogram.event: Update id=82901330 is handled. Duration 139 ms by bot id=8824105826
2026-09-25 18:33:48,738 [INFO] aiogram.event: Update id=82901331 is handled. Duration 104 ms by bot id=8824105826
2026-09-25 18:33:48,875 [INFO] aiogram.event: Update id=82901332 is handled. Duration 136 ms by bot id=8824105826
2026-09-25 18:33:49,028 [INFO] aiogram.event: Update id=82901333 is handled. Duration 152 ms by bot id=8824105826
2026-09-25 18:33:49,168 [INFO] aiogram.event: Update id=82901334 is handled. Duration 139 ms by bot id=8824105826
2026-09-25 18:33:49,324 [INFO] aiogram.event: Update id=82901335 is handled. Duration 156 ms by bot id=8824105826
2026-09-25 18:33:49,419 [INFO] aiogram.event: Update id=82901336 is handled. Duration 94 ms by bot id=8824105826
2026-09-25 18:33:49,495 [INFO] aiogram.event: Update id=82901337 is handled. Duration 76 ms by bot id=8824105826
2026-09-25 18:33:49,577 [INFO] aiogram.event: Update id=82901338 is handled. Duration 81 ms by bot id=8824105826
2026-09-25 18:33:49,701 [INFO] aiogram.event: Update id=82901339 is not handled. Duration 122 ms by bot id=8824105826
2026-09-25 18:33:49,839 [INFO] aiogram.event: Update id=82901340 is not handled. Duration 137 ms by bot id=8824105826
2026-09-25 18:33:49,981 [INFO] aiogram.event: Update id=82901341 is not handled. Duration 141 ms by bot id=8824105826
2026-09-25 18:33:50,108 [INFO] aiogram.event: Update id=82901342 is not handled. Duration 126 ms by bot id=8824105826
2026-09-25 18:33:50,252 [INFO] aiogram.event: Update id=82901343 is not handled. Duration 143 ms by bot id=8824105826
2026-09-25 18:33:50,393 [INFO] aiogram.event: Update id=82901344 is not handled. Duration 139 ms by bot id=8824105826
2026-09-25 18:33:50,559 [INFO] aiogram.event: Update id=82901345 is not handled. Duration 165 ms by bot id=8824105826
2026-09-25 18:33:50,714 [INFO] aiogram.event: Update id=82901346 is handled. Duration 154 ms by bot id=8824105826
2026-09-25 18:33:51,009 [INFO] aiogram.event: Update id=82901347 is handled. Duration 294 ms by bot id=8824105826
2026-09-25 18:33:51,208 [INFO] aiogram.event: Update id=82901348 is not handled. Duration 198 ms by bot id=8824105826
2026-09-25 18:33:51,329 [INFO] aiogram.event: Update id=82901349 is not handled. Duration 120 ms by bot id=8824105826
2026-09-25 18:33:51,416 [INFO] aiogram.event: Update id=82901350 is not handled. Duration 86 ms by bot id=8824105826
2026-09-25 18:33:51,456 [INFO] aiogram.event: Update id=82901351 is handled. Duration 39 ms by bot id=8824105826
2026-09-25 18:33:51,578 [INFO] aiogram.event: Update id=82901353 is not handled. Duration 121 ms by bot id=8824105826
2026-09-25 18:33:51,746 [INFO] aiogram.event: Update id=82901354 is handled. Duration 168 ms by bot id=8824105826
2026-09-25 18:33:51,863 [INFO] aiogram.event: Update id=82901355 is handled. Duration 115 ms by bot id=8824105826
2026-09-25 18:33:51,991 [INFO] aiogram.event: Update id=82901356 is not handled. Duration 127 ms by bot id=8824105826
2026-09-25 18:33:52,127 [INFO] aiogram.event: Update id=82901357 is not handled. Duration 135 ms by bot id=8824105826
2026-09-25 18:33:52,271 [INFO] aiogram.event: Update id=82901358 is handled. Duration 142 ms by bot id=8824105826
2026-09-25 18:33:52,511 [INFO] aiogram.event: Update id=82901359 is handled. Duration 239 ms by bot id=8824105826
2026-09-25 18:33:52,737 [INFO] aiogram.event: Update id=82901360 is handled. Duration 225 ms by bot id=8824105826
2026-09-25 18:33:52,911 [INFO] aiogram.event: Update id=82901361 is not handled. Duration 174 ms by bot id=8824105826
2026-09-25 18:33:53,058 [INFO] aiogram.event: Update id=82901362 is not handled. Duration 146 ms by bot id=8824105826
2026-09-25 18:33:53,183 [INFO] aiogram.event: Update id=82901363 is not handled. Duration 124 ms by bot id=8824105826
2026-09-25 18:33:53,290 [INFO] aiogram.event: Update id=82901364 is not handled. Duration 106 ms by bot id=8824105826
2026-09-25 18:33:53,411 [INFO] aiogram.event: Update id=82901365 is not handled. Duration 121 ms by bot id=8824105826
2026-09-25 18:33:53,542 [INFO] aiogram.event: Update id=82901366 is handled. Duration 129 ms by bot id=8824105826
2026-09-25 18:33:53,665 [INFO] aiogram.event: Update id=82901367 is handled. Duration 122 ms by bot id=8824105826
2026-09-25 18:33:53,818 [INFO] aiogram.event: Update id=82901368 is handled. Duration 152 ms by bot id=8824105826
2026-09-25 18:33:53,946 [INFO] aiogram.event: Update id=82901369 is handled. Duration 128 ms by bot id=8824105826
2026-09-25 18:33:54,118 [INFO] aiogram.event: Update id=82901370 is handled. Duration 171 ms by bot id=8824105826
2026-09-25 18:33:54,778 [INFO] aiogram.event: Update id=82901293 is not handled. Duration 10016 ms by bot id=8824105826
2026-09-25 18:33:54,778 [INFO] aiogram.event: Update id=82901296 is not handled. Duration 9839 ms by bot id=8824105826
2026-09-25 18:33:54,778 [INFO] aiogram.event: Update id=82901352 is not handled. Duration 3322 ms by bot id=8824105826
2026-09-25 18:33:55,597 [INFO] aiogram.event: Update id=82901275 is handled. Duration 13507 ms by bot id=8824105826
2026-09-25 18:33:55,971 [INFO] aiogram.event: Update id=82901327 is handled. Duration 7738 ms by bot id=8824105826
2026-09-25 18:34:00,415 [INFO] united_dialog: [media ↓] 578620 → jpg
2026-09-25 18:34:00,727 [INFO] united_dialog: [media ↓] 578727 → jpg
2026-09-25 18:34:03,883 [INFO] united_dialog: [media ↓] 578624 → jpg
2026-09-25 18:34:04,197 [INFO] united_dialog: [media ↓] 578680 → mp4
2026-09-25 18:34:04,404 [INFO] united_dialog: [media ↓] 578623 → jpg
2026-09-25 18:34:04,425 [INFO] united_dialog: [media ↓] 578733 → jpg
2026-09-25 18:34:04,556 [INFO] united_dialog: [media ↓] 578693 → mp4
2026-09-25 18:34:05,276 [INFO] united_dialog: [media ↓] 578686 → mp4
2026-09-25 18:34:18,107 [INFO] aiogram.event: Update id=82901371 is not handled. Duration 442 ms by bot id=8824105826
2026-09-25 18:34:22,772 [INFO] united_dialog: [media] всего скачано за прогон: 8
2026-09-25 18:34:27,667 [INFO] united_dialog: archive: Готово: 14 архивов
2026-09-25 18:34:34,141 [INFO] united_dialog: [vm transform] preset=6 filter=asetrate=48000*1.5,aresample=48000,atempo=0.66 in=40579b out=10141b
2026-09-25 18:34:34,844 [INFO] united_dialog: [vm sent] preset=6 chat=5194433280 mid=578738
2026-09-25 18:34:34,848 [INFO] aiogram.event: Update id=82901372 is not handled. Duration 5627 ms by bot id=8824105826
2026-09-25 18:34:45,671 [INFO] united_dialog: [del event] chat=5194433280 mids=[578738] owner=7113397602 notify=True
2026-09-25 18:34:45,723 [INFO] aiogram.event: Update id=82901373 is handled. Duration 130 ms by bot id=8824105826
2026-09-25 18:34:45,814 [INFO] united_dialog: [cmd .voicemod]
2026-09-25 18:34:45,859 [INFO] united_dialog: [dispatch ENTER] cmd='voicemod' arg='3' chat=5194433280
2026-09-25 18:34:46,538 [INFO] united_dialog: [private OK] to=7113397602
2026-09-25 18:34:47,344 [INFO] aiogram.event: Update id=82901374 is handled. Duration 1619 ms by bot id=8824105826
2026-09-25 18:34:59,602 [INFO] united_dialog: [del event] chat=5194433280 mids=[578740] owner=7113397602 notify=True
2026-09-25 18:34:59,683 [INFO] aiogram.event: Update id=82901375 is handled. Duration 149 ms by bot id=8824105826
2026-09-25 18:34:59,809 [INFO] aiogram.event: Update id=82901376 is not handled. Duration 124 ms by bot id=8824105826
2026-09-25 18:35:04,667 [INFO] united_dialog: [vm transform] preset=3 filter=asetrate=48000*1.55,aresample=48000,atempo=0.65 in=53763b out=9816b
2026-09-25 18:35:05,906 [INFO] united_dialog: [vm sent] preset=3 chat=5194433280 mid=578743
2026-09-25 18:35:05,911 [INFO] aiogram.event: Update id=82901377 is not handled. Duration 6026 ms by bot id=8824105826
2026-09-25 18:35:44,051 [INFO] united_dialog: [del event] chat=5194433280 mids=[578743] owner=7113397602 notify=True
2026-09-25 18:35:44,112 [INFO] aiogram.event: Update id=82901378 is handled. Duration 111 ms by bot id=8824105826
2026-09-25 18:35:44,217 [INFO] aiogram.event: Update id=82901379 is not handled. Duration 104 ms by bot id=8824105826
2026-09-25 18:35:54,152 [INFO] aiogram.event: Update id=82901380 is not handled. Duration 115 ms by bot id=8824105826
2026-09-25 18:35:57,957 [INFO] aiogram.event: Update id=82901381 is handled. Duration 149 ms by bot id=8824105826
2026-09-25 18:35:59,373 [INFO] aiogram.event: Update id=82901382 is not handled. Duration 105 ms by bot id=8824105826
2026-09-25 18:36:01,321 [INFO] united_dialog: archive: pushed to web
2026-09-25 18:36:07,166 [INFO] aiogram.event: Update id=82901383 is handled. Duration 160 ms by bot id=8824105826
2026-09-25 18:36:11,218 [INFO] aiogram.event: Update id=82901384 is not handled. Duration 115 ms by bot id=8824105826
2026-09-25 18:36:11,701 [INFO] aiogram.event: Update id=82901385 is handled. Duration 239 ms by bot id=8824105826
2026-09-25 18:36:20,733 [INFO] aiogram.event: Update id=82901386 is not handled. Duration 127 ms by bot id=8824105826
2026-09-25 18:36:22,623 [INFO] aiogram.event: Update id=82901387 is handled. Duration 195 ms by bot id=8824105826
2026-09-25 18:36:28,162 [INFO] aiogram.event: Update id=82901388 is not handled. Duration 105 ms by bot id=8824105826
2026-09-25 18:36:42,548 [INFO] aiogram.event: Update id=82901389 is handled. Duration 132 ms by bot id=8824105826
2026-09-25 18:36:44,227 [INFO] aiogram.event: Update id=82901390 is handled. Duration 117 ms by bot id=8824105826
2026-09-25 18:37:01,267 [INFO] aiogram.event: Update id=82901391 is handled. Duration 197 ms by bot id=8824105826
2026-09-25 18:37:39,417 [INFO] aiogram.event: Update id=82901392 is not handled. Duration 112 ms by bot id=8824105826
2026-09-25 18:37:42,196 [INFO] aiogram.event: Update id=82901393 is not handled. Duration 95 ms by bot id=8824105826
2026-09-25 18:37:48,701 [INFO] aiogram.event: Update id=82901394 is handled. Duration 136 ms by bot id=8824105826
2026-09-25 18:38:01,343 [INFO] aiogram.event: Update id=82901395 is handled. Duration 160 ms by bot id=8824105826
2026-09-25 18:38:02,274 [INFO] united_dialog: [media ↓] 578761 → webp
2026-09-25 18:38:21,721 [INFO] aiogram.event: Update id=82901396 is not handled. Duration 99 ms by bot id=8824105826
2026-09-25 18:38:22,532 [INFO] united_dialog: [media ↓] 578762 → webp
2026-09-25 18:38:26,423 [INFO] aiogram.event: Update id=82901397 is handled. Duration 127 ms by bot id=8824105826
2026-09-25 18:38:31,353 [INFO] aiogram.event: Update id=82901398 is handled. Duration 940 ms by bot id=8824105826
2026-09-25 18:38:33,209 [INFO] aiogram.event: Update id=82901399 is handled. Duration 651 ms by bot id=8824105826
2026-09-25 18:39:05,332 [INFO] united_dialog: [media] всего скачано за прогон: 4
2026-09-25 18:39:06,350 [INFO] aiogram.event: Update id=82901400 is handled. Duration 96 ms by bot id=8824105826
2026-09-25 18:39:07,216 [INFO] united_dialog: [media ↓] 578766 → webp
2026-09-25 18:39:08,259 [INFO] united_dialog: archive: Готово: 14 архивов
2026-09-25 18:40:18,652 [INFO] united_dialog: archive: pushed to web
2026-09-25 18:41:05,521 [INFO] aiogram.event: Update id=82901401 is not handled. Duration 105 ms by bot id=8824105826
2026-09-25 18:41:29,875 [INFO] aiogram.event: Update id=82901402 is handled. Duration 308 ms by bot id=8824105826
2026-09-25 18:43:20,714 [INFO] united_dialog: [media] всего скачано за прогон: 1
2026-09-25 18:43:24,344 [INFO] united_dialog: archive: Готово: 14 архивов
2026-09-25 18:45:24,594 [INFO] united_dialog: archive: pushed to web
2026-09-25 18:49:49,183 [INFO] united_dialog: archive: Готово: 14 архивов
2026-09-25 18:51:24,033 [INFO] united_dialog: archive: pushed to web
2026-09-25 18:54:27,814 [INFO] united_dialog: archive: Готово: 14 архивов
2026-09-25 18:56:58,552 [INFO] united_dialog: archive: pushed to web
2026-09-25 19:00:05,954 [INFO] united_dialog: archive: Готово: 14 архивов
2026-09-25 19:01:49,604 [INFO] united_dialog: archive: pushed to web
2026-09-25 19:05:37,310 [INFO] united_dialog: archive: Готово: 14 архивов
2026-09-25 19:07:01,720 [INFO] united_dialog: archive: pushed to web
2026-09-25 19:10:04,477 [INFO] united_dialog: archive: Готово: 14 архивов
2026-09-25 19:11:01,891 [INFO] united_dialog: archive: pushed to web
2026-09-25 19:14:05,536 [INFO] united_dialog: archive: Готово: 14 архивов
19:11:01,891 [INFO] united_dialog: archive: pushed to web
2026-09-25 19:14:05,536 [INFO] united_dialog: archive: Готово: 14 архивов
2026-09-26 15:36:02,266 [INFO] united_dialog: United Dialog запущен.
2026-09-26 15:36:02,268 [INFO] aiogram.dispatcher: Start polling
2026-09-26 15:36:02,486 [INFO] aiogram.dispatcher: Run polling for bot @UnitedDialogBot id=8824105826 - 'United Dialog'
2026-09-26 15:36:02,868 [INFO] aiogram.event: Update id=82901553 is handled. Duration 10 ms by bot id=8824105826
2026-09-26 15:36:02,880 [INFO] aiogram.event: Update id=82901554 is handled. Duration 11 ms by bot id=8824105826
2026-09-26 15:36:02,892 [INFO] aiogram.event: Update id=82901555 is handled. Duration 11 ms by bot id=8824105826
2026-09-26 15:36:02,906 [INFO] aiogram.event: Update id=82901556 is not handled. Duration 13 ms by bot id=8824105826
2026-09-26 15:36:02,923 [INFO] aiogram.event: Update id=82901557 is not handled. Duration 16 ms by bot id=8824105826
2026-09-26 15:36:02,938 [INFO] aiogram.event: Update id=82901558 is not handled. Duration 14 ms by bot id=8824105826
2026-09-26 15:36:02,953 [INFO] aiogram.event: Update id=82901559 is handled. Duration 13 ms by bot id=8824105826
2026-09-26 15:36:02,964 [INFO] aiogram.event: Update id=82901560 is handled. Duration 10 ms by bot id=8824105826
2026-09-26 15:36:02,978 [INFO] aiogram.event: Update id=82901561 is not handled. Duration 14 ms by bot id=8824105826
2026-09-26 15:36:02,992 [INFO] aiogram.event: Update id=82901562 is not handled. Duration 13 ms by bot id=8824105826
2026-09-26 15:36:03,007 [INFO] aiogram.event: Update id=82901563 is not handled. Duration 14 ms by bot id=8824105826
2026-09-26 15:36:03,023 [INFO] aiogram.event: Update id=82901564 is not handled. Duration 15 ms by bot id=8824105826
2026-09-26 15:36:03,038 [INFO] aiogram.event: Update id=82901565 is not handled. Duration 14 ms by bot id=8824105826
2026-09-26 15:36:03,054 [INFO] aiogram.event: Update id=82901566 is not handled. Duration 15 ms by bot id=8824105826
2026-09-26 15:36:03,071 [INFO] aiogram.event: Update id=82901567 is not handled. Duration 16 ms by bot id=8824105826
2026-09-26 15:36:03,082 [INFO] aiogram.event: Update id=82901568 is handled. Duration 10 ms by bot id=8824105826
2026-09-26 15:36:03,092 [INFO] aiogram.event: Update id=82901569 is handled. Duration 9 ms by bot id=8824105826
2026-09-26 15:36:03,107 [INFO] aiogram.event: Update id=82901570 is not handled. Duration 14 ms by bot id=8824105826
2026-09-26 15:36:03,118 [INFO] aiogram.event: Update id=82901571 is handled. Duration 10 ms by bot id=8824105826
2026-09-26 15:36:03,130 [INFO] aiogram.event: Update id=82901572 is handled. Duration 11 ms by bot id=8824105826
2026-09-26 15:36:03,140 [INFO] aiogram.event: Update id=82901573 is handled. Duration 9 ms by bot id=8824105826
2026-09-26 15:36:03,155 [INFO] aiogram.event: Update id=82901574 is not handled. Duration 14 ms by bot id=8824105826
2026-09-26 15:36:03,188 [INFO] aiogram.event: Update id=82901576 is not handled. Duration 14 ms by bot id=8824105826
2026-09-26 15:36:03,202 [INFO] aiogram.event: Update id=82901577 is not handled. Duration 13 ms by bot id=8824105826
2026-09-26 15:36:03,229 [INFO] aiogram.event: Update id=82901579 is handled. Duration 11 ms by bot id=8824105826
2026-09-26 15:36:03,244 [INFO] aiogram.event: Update id=82901580 is not handled. Duration 14 ms by bot id=8824105826
2026-09-26 15:36:03,259 [INFO] aiogram.event: Update id=82901581 is not handled. Duration 14 ms by bot id=8824105826
2026-09-26 15:36:03,269 [INFO] aiogram.event: Update id=82901582 is handled. Duration 10 ms by bot id=8824105826
2026-09-26 15:36:03,279 [INFO] aiogram.event: Update id=82901583 is handled. Duration 9 ms by bot id=8824105826
2026-09-26 15:36:03,293 [INFO] aiogram.event: Update id=82901584 is not handled. Duration 13 ms by bot id=8824105826
2026-09-26 15:36:03,304 [INFO] aiogram.event: Update id=82901585 is handled. Duration 10 ms by bot id=8824105826
2026-09-26 15:36:03,315 [INFO] aiogram.event: Update id=82901586 is handled. Duration 11 ms by bot id=8824105826
2026-09-26 15:36:03,325 [INFO] aiogram.event: Update id=82901587 is handled. Duration 9 ms by bot id=8824105826
2026-09-26 15:36:03,336 [INFO] aiogram.event: Update id=82901588 is handled. Duration 11 ms by bot id=8824105826
2026-09-26 15:36:03,347 [INFO] aiogram.event: Update id=82901589 is handled. Duration 10 ms by bot id=8824105826
2026-09-26 15:36:03,359 [INFO] aiogram.event: Update id=82901590 is handled. Duration 11 ms by bot id=8824105826
2026-09-26 15:36:03,369 [INFO] aiogram.event: Update id=82901591 is handled. Duration 10 ms by bot id=8824105826
2026-09-26 15:36:03,385 [INFO] aiogram.event: Update id=82901592 is not handled. Duration 15 ms by bot id=8824105826
2026-09-26 15:36:03,402 [INFO] aiogram.event: Update id=82901593 is not handled. Duration 16 ms by bot id=8824105826
2026-09-26 15:36:03,418 [INFO] aiogram.event: Update id=82901594 is not handled. Duration 15 ms by bot id=8824105826
2026-09-26 15:36:03,434 [INFO] aiogram.event: Update id=82901595 is not handled. Duration 15 ms by bot id=8824105826
2026-09-26 15:36:03,449 [INFO] aiogram.event: Update id=82901596 is not handled. Duration 14 ms by bot id=8824105826
2026-09-26 15:36:03,460 [INFO] aiogram.event: Update id=82901597 is handled. Duration 10 ms by bot id=8824105826
2026-09-26 15:36:03,476 [INFO] aiogram.event: Update id=82901598 is not handled. Duration 15 ms by bot id=8824105826
2026-09-26 15:36:03,486 [INFO] aiogram.event: Update id=82901599 is handled. Duration 9 ms by bot id=8824105826
2026-09-26 15:36:03,498 [INFO] aiogram.event: Update id=82901600 is handled. Duration 11 ms by bot id=8824105826
2026-09-26 15:36:03,509 [INFO] aiogram.event: Update id=82901601 is handled. Duration 10 ms by bot id=8824105826
2026-09-26 15:36:03,521 [INFO] aiogram.event: Update id=82901602 is handled. Duration 11 ms by bot id=8824105826
2026-09-26 15:36:03,536 [INFO] aiogram.event: Update id=82901603 is not handled. Duration 14 ms by bot id=8824105826
2026-09-26 15:36:03,547 [INFO] aiogram.event: Update id=82901604 is handled. Duration 10 ms by bot id=8824105826
2026-09-26 15:36:03,564 [INFO] aiogram.event: Update id=82901606 is handled. Duration 10 ms by bot id=8824105826
2026-09-26 15:36:03,574 [INFO] aiogram.event: Update id=82901607 is handled. Duration 9 ms by bot id=8824105826
2026-09-26 15:36:03,584 [INFO] aiogram.event: Update id=82901608 is handled. Duration 9 ms by bot id=8824105826
2026-09-26 15:36:03,599 [INFO] aiogram.event: Update id=82901609 is not handled. Duration 14 ms by bot id=8824105826
2026-09-26 15:36:03,613 [INFO] aiogram.event: Update id=82901610 is not handled. Duration 13 ms by bot id=8824105826
2026-09-26 15:36:03,624 [INFO] aiogram.event: Update id=82901611 is handled. Duration 10 ms by bot id=8824105826
2026-09-26 15:36:03,635 [INFO] aiogram.event: Update id=82901612 is handled. Duration 10 ms by bot id=8824105826
2026-09-26 15:36:03,650 [INFO] aiogram.event: Update id=82901613 is not handled. Duration 15 ms by bot id=8824105826
2026-09-26 15:36:03,662 [INFO] aiogram.event: Update id=82901614 is handled. Duration 11 ms by bot id=8824105826
2026-09-26 15:36:03,676 [INFO] aiogram.event: Update id=82901615 is not handled. Duration 13 ms by bot id=8824105826
2026-09-26 15:36:03,693 [INFO] aiogram.event: Update id=82901616 is not handled. Duration 16 ms by bot id=8824105826
2026-09-26 15:36:03,706 [INFO] aiogram.event: Update id=82901617 is not handled. Duration 13 ms by bot id=8824105826
2026-09-26 15:36:03,717 [INFO] aiogram.event: Update id=82901618 is handled. Duration 10 ms by bot id=8824105826
2026-09-26 15:36:03,732 [INFO] aiogram.event: Update id=82901619 is not handled. Duration 14 ms by bot id=8824105826
2026-09-26 15:36:03,745 [INFO] aiogram.event: Update id=82901620 is not handled. Duration 13 ms by bot id=8824105826
2026-09-26 15:36:03,761 [INFO] aiogram.event: Update id=82901621 is not handled. Duration 15 ms by bot id=8824105826
2026-09-26 15:36:03,772 [INFO] aiogram.event: Update id=82901622 is handled. Duration 10 ms by bot id=8824105826
2026-09-26 15:36:03,784 [INFO] aiogram.event: Update id=82901623 is handled. Duration 11 ms by bot id=8824105826
2026-09-26 15:36:03,795 [INFO] aiogram.event: Update id=82901624 is handled. Duration 10 ms by bot id=8824105826
2026-09-26 15:36:03,810 [INFO] aiogram.event: Update id=82901625 is not handled. Duration 15 ms by bot id=8824105826
2026-09-26 15:36:03,825 [INFO] aiogram.event: Update id=82901626 is not handled. Duration 13 ms by bot id=8824105826
2026-09-26 15:36:03,839 [INFO] aiogram.event: Update id=82901627 is not handled. Duration 14 ms by bot id=8824105826
2026-09-26 15:36:03,854 [INFO] aiogram.event: Update id=82901628 is not handled. Duration 14 ms by bot id=8824105826
2026-09-26 15:36:03,866 [INFO] aiogram.event: Update id=82901629 is handled. Duration 11 ms by bot id=8824105826
2026-09-26 15:36:03,881 [INFO] aiogram.event: Update id=82901630 is not handled. Duration 14 ms by bot id=8824105826
2026-09-26 15:36:03,891 [INFO] aiogram.event: Update id=82901631 is handled. Duration 10 ms by bot id=8824105826
2026-09-26 15:36:03,906 [INFO] aiogram.event: Update id=82901632 is not handled. Duration 14 ms by bot id=8824105826
2026-09-26 15:36:03,922 [INFO] aiogram.event: Update id=82901633 is not handled. Duration 15 ms by bot id=8824105826
2026-09-26 15:36:03,936 [INFO] aiogram.event: Update id=82901634 is not handled. Duration 13 ms by bot id=8824105826
2026-09-26 15:36:03,951 [INFO] aiogram.event: Update id=82901635 is not handled. Duration 14 ms by bot id=8824105826
2026-09-26 15:36:03,966 [INFO] aiogram.event: Update id=82901636 is not handled. Duration 14 ms by bot id=8824105826
2026-09-26 15:36:03,976 [INFO] aiogram.event: Update id=82901637 is handled. Duration 9 ms by bot id=8824105826
2026-09-26 15:36:03,987 [INFO] aiogram.event: Update id=82901638 is handled. Duration 11 ms by bot id=8824105826
2026-09-26 15:36:03,998 [INFO] aiogram.event: Update id=82901639 is handled. Duration 10 ms by bot id=8824105826
2026-09-26 15:36:04,012 [INFO] aiogram.event: Update id=82901640 is not handled. Duration 13 ms by bot id=8824105826
2026-09-26 15:36:04,028 [INFO] aiogram.event: Update id=82901641 is not handled. Duration 15 ms by bot id=8824105826
2026-09-26 15:36:04,042 [INFO] aiogram.event: Update id=82901642 is not handled. Duration 14 ms by bot id=8824105826
2026-09-26 15:36:04,054 [INFO] aiogram.event: Update id=82901643 is handled. Duration 11 ms by bot id=8824105826
2026-09-26 15:36:04,065 [INFO] aiogram.event: Update id=82901644 is handled. Duration 10 ms by bot id=8824105826
2026-09-26 15:36:04,080 [INFO] aiogram.event: Update id=82901645 is not handled. Duration 14 ms by bot id=8824105826
2026-09-26 15:36:04,090 [INFO] aiogram.event: Update id=82901646 is handled. Duration 10 ms by bot id=8824105826
2026-09-26 15:36:04,106 [INFO] aiogram.event: Update id=82901647 is not handled. Duration 15 ms by bot id=8824105826
2026-09-26 15:36:04,117 [INFO] aiogram.event: Update id=82901648 is handled. Duration 11 ms by bot id=8824105826
2026-09-26 15:36:04,132 [INFO] aiogram.event: Update id=82901649 is not handled. Duration 14 ms by bot id=8824105826
2026-09-26 15:36:04,146 [INFO] aiogram.event: Update id=82901650 is not handled. Duration 13 ms by bot id=8824105826
2026-09-26 15:36:04,155 [INFO] aiogram.event: Update id=82901651 is handled. Duration 9 ms by bot id=8824105826
2026-09-26 15:36:04,169 [INFO] aiogram.event: Update id=82901652 is handled. Duration 11 ms by bot id=8824105826
2026-09-26 15:36:04,220 [INFO] aiogram.event: Update id=82901653 is handled. Duration 9 ms by bot id=8824105826
2026-09-26 15:36:04,232 [INFO] aiogram.event: Update id=82901654 is handled. Duration 11 ms by bot id=8824105826
2026-09-26 15:36:04,246 [INFO] aiogram.event: Update id=82901655 is not handled. Duration 14 ms by bot id=8824105826
2026-09-26 15:36:04,261 [INFO] aiogram.event: Update id=82901656 is not handled. Duration 14 ms by bot id=8824105826
2026-09-26 15:36:04,278 [INFO] aiogram.event: Update id=82901657 is not handled. Duration 16 ms by bot id=8824105826
2026-09-26 15:36:04,293 [INFO] aiogram.event: Update id=82901658 is not handled. Duration 14 ms by bot id=8824105826
2026-09-26 15:36:04,308 [INFO] aiogram.event: Update id=82901659 is not handled. Duration 15 ms by bot id=8824105826
2026-09-26 15:36:04,323 [INFO] aiogram.event: Update id=82901660 is not handled. Duration 14 ms by bot id=8824105826
2026-09-26 15:36:04,339 [INFO] aiogram.event: Update id=82901661 is not handled. Duration 15 ms by bot id=8824105826
2026-09-26 15:36:04,350 [INFO] aiogram.event: Update id=82901662 is handled. Duration 10 ms by bot id=8824105826
2026-09-26 15:36:04,364 [INFO] aiogram.event: Update id=82901663 is not handled. Duration 13 ms by bot id=8824105826
2026-09-26 15:36:04,378 [INFO] aiogram.event: Update id=82901664 is not handled. Duration 13 ms by bot id=8824105826
2026-09-26 15:36:04,431 [INFO] aiogram.event: Update id=82901665 is not handled. Duration 53 ms by bot id=8824105826
2026-09-26 15:36:04,445 [INFO] aiogram.event: Update id=82901666 is handled. Duration 12 ms by bot id=8824105826
2026-09-26 15:36:04,460 [INFO] aiogram.event: Update id=82901667 is not handled. Duration 14 ms by bot id=8824105826
2026-09-26 15:36:04,476 [INFO] aiogram.event: Update id=82901668 is not handled. Duration 16 ms by bot id=8824105826
2026-09-26 15:36:04,490 [INFO] aiogram.event: Update id=82901669 is not handled. Duration 13 ms by bot id=8824105826
2026-09-26 15:36:04,501 [INFO] aiogram.event: Update id=82901670 is handled. Duration 10 ms by bot id=8824105826
2026-09-26 15:36:04,512 [INFO] aiogram.event: Update id=82901671 is handled. Duration 10 ms by bot id=8824105826
2026-09-26 15:36:04,522 [INFO] aiogram.event: Update id=82901672 is handled. Duration 10 ms by bot id=8824105826
2026-09-26 15:36:04,534 [INFO] aiogram.event: Update id=82901673 is handled. Duration 10 ms by bot id=8824105826
2026-09-26 15:36:04,548 [INFO] aiogram.event: Update id=82901674 is not handled. Duration 14 ms by bot id=8824105826
2026-09-26 15:36:04,558 [INFO] aiogram.event: Update id=82901675 is handled. Duration 9 ms by bot id=8824105826
2026-09-26 15:36:04,574 [INFO] aiogram.event: Update id=82901676 is not handled. Duration 15 ms by bot id=8824105826
2026-09-26 15:36:04,588 [INFO] aiogram.event: Update id=82901677 is not handled. Duration 13 ms by bot id=8824105826
2026-09-26 15:36:04,603 [INFO] aiogram.event: Update id=82901678 is not handled. Duration 14 ms by bot id=8824105826
2026-09-26 15:36:04,618 [INFO] aiogram.event: Update id=82901679 is not handled. Duration 14 ms by bot id=8824105826
2026-09-26 15:36:04,629 [INFO] aiogram.event: Update id=82901680 is handled. Duration 10 ms by bot id=8824105826
2026-09-26 15:36:04,640 [INFO] aiogram.event: Update id=82901681 is handled. Duration 10 ms by bot id=8824105826
2026-09-26 15:36:04,650 [INFO] aiogram.event: Update id=82901682 is handled. Duration 10 ms by bot id=8824105826
2026-09-26 15:36:04,662 [INFO] aiogram.event: Update id=82901683 is handled. Duration 11 ms by bot id=8824105826
2026-09-26 15:36:04,676 [INFO] aiogram.event: Update id=82901684 is not handled. Duration 14 ms by bot id=8824105826
2026-09-26 15:36:04,692 [INFO] aiogram.event: Update id=82901685 is not handled. Duration 14 ms by bot id=8824105826
2026-09-26 15:36:04,706 [INFO] aiogram.event: Update id=82901686 is not handled. Duration 13 ms by bot id=8824105826
2026-09-26 15:36:04,717 [INFO] aiogram.event: Update id=82901687 is handled. Duration 11 ms by bot id=8824105826
2026-09-26 15:36:04,727 [INFO] aiogram.event: Update id=82901688 is handled. Duration 9 ms by bot id=8824105826
2026-09-26 15:36:04,741 [INFO] aiogram.event: Update id=82901689 is not handled. Duration 13 ms by bot id=8824105826
2026-09-26 15:36:04,757 [INFO] aiogram.event: Update id=82901690 is not handled. Duration 15 ms by bot id=8824105826
2026-09-26 15:36:04,774 [INFO] aiogram.event: Update id=82901691 is not handled. Duration 15 ms by bot id=8824105826
2026-09-26 15:36:04,785 [INFO] aiogram.event: Update id=82901692 is handled. Duration 11 ms by bot id=8824105826
2026-09-26 15:36:04,799 [INFO] aiogram.event: Update id=82901693 is not handled. Duration 13 ms by bot id=8824105826
2026-09-26 15:36:04,808 [INFO] aiogram.event: Update id=82901694 is handled. Duration 9 ms by bot id=8824105826
2026-09-26 15:36:04,821 [INFO] aiogram.event: Update id=82901695 is handled. Duration 11 ms by bot id=8824105826
2026-09-26 15:36:04,837 [INFO] aiogram.event: Update id=82901696 is not handled. Duration 15 ms by bot id=8824105826
2026-09-26 15:36:04,848 [INFO] aiogram.event: Update id=82901697 is handled. Duration 10 ms by bot id=8824105826
2026-09-26 15:36:04,859 [INFO] aiogram.event: Update id=82901698 is handled. Duration 10 ms by bot id=8824105826
2026-09-26 15:36:04,874 [INFO] aiogram.event: Update id=82901699 is not handled. Duration 14 ms by bot id=8824105826
2026-09-26 15:36:04,889 [INFO] aiogram.event: Update id=82901700 is not handled. Duration 14 ms by bot id=8824105826
2026-09-26 15:36:04,905 [INFO] aiogram.event: Update id=82901701 is not handled. Duration 15 ms by bot id=8824105826
2026-09-26 15:36:04,917 [INFO] aiogram.event: Update id=82901702 is handled. Duration 12 ms by bot id=8824105826
2026-09-26 15:36:04,931 [INFO] aiogram.event: Update id=82901703 is not handled. Duration 13 ms by bot id=8824105826
2026-09-26 15:36:04,943 [INFO] aiogram.event: Update id=82901704 is handled. Duration 11 ms by bot id=8824105826
2026-09-26 15:36:04,954 [INFO] aiogram.event: Update id=82901705 is handled. Duration 10 ms by bot id=8824105826
2026-09-26 15:36:04,965 [INFO] aiogram.event: Update id=82901706 is handled. Duration 10 ms by bot id=8824105826
2026-09-26 15:36:04,977 [INFO] aiogram.event: Update id=82901707 is handled. Duration 11 ms by bot id=8824105826
2026-09-26 15:36:04,992 [INFO] aiogram.event: Update id=82901708 is not handled. Duration 15 ms by bot id=8824105826
2026-09-26 15:36:05,008 [INFO] aiogram.event: Update id=82901709 is not handled. Duration 15 ms by bot id=8824105826
2026-09-26 15:36:05,025 [INFO] aiogram.event: Update id=82901710 is not handled. Duration 16 ms by bot id=8824105826
2026-09-26 15:36:05,036 [INFO] aiogram.event: Update id=82901711 is handled. Duration 11 ms by bot id=8824105826
2026-09-26 15:36:05,051 [INFO] aiogram.event: Update id=82901712 is not handled. Duration 14 ms by bot id=8824105826
2026-09-26 15:36:05,061 [INFO] aiogram.event: Update id=82901713 is handled. Duration 9 ms by bot id=8824105826
2026-09-26 15:36:05,072 [INFO] aiogram.event: Update id=82901714 is handled. Duration 10 ms by bot id=8824105826
2026-09-26 15:36:05,087 [INFO] aiogram.event: Update id=82901715 is not handled. Duration 14 ms by bot id=8824105826
2026-09-26 15:36:05,102 [INFO] aiogram.event: Update id=82901716 is not handled. Duration 14 ms by bot id=8824105826
2026-09-26 15:36:05,117 [INFO] aiogram.event: Update id=82901717 is not handled. Duration 14 ms by bot id=8824105826
2026-09-26 15:36:05,133 [INFO] aiogram.event: Update id=82901718 is not handled. Duration 15 ms by bot id=8824105826
2026-09-26 15:36:05,145 [INFO] aiogram.event: Update id=82901719 is handled. Duration 11 ms by bot id=8824105826
2026-09-26 15:36:05,160 [INFO] aiogram.event: Update id=82901720 is not handled. Duration 14 ms by bot id=8824105826
2026-09-26 15:36:05,176 [INFO] aiogram.event: Update id=82901721 is not handled. Duration 15 ms by bot id=8824105826
2026-09-26 15:36:05,187 [INFO] aiogram.event: Update id=82901722 is handled. Duration 11 ms by bot id=8824105826
2026-09-26 15:36:05,203 [INFO] aiogram.event: Update id=82901723 is not handled. Duration 15 ms by bot id=8824105826
2026-09-26 15:36:05,220 [INFO] aiogram.event: Update id=82901724 is not handled. Duration 16 ms by bot id=8824105826
2026-09-26 15:36:05,246 [INFO] aiogram.event: Update id=82901726 is handled. Duration 9 ms by bot id=8824105826
2026-09-26 15:36:05,256 [INFO] aiogram.event: Update id=82901727 is handled. Duration 10 ms by bot id=8824105826
2026-09-26 15:36:05,273 [INFO] aiogram.event: Update id=82901728 is not handled. Duration 16 ms by bot id=8824105826
2026-09-26 15:36:05,288 [INFO] aiogram.event: Update id=82901729 is not handled. Duration 15 ms by bot id=8824105826
2026-09-26 15:36:05,299 [INFO] aiogram.event: Update id=82901730 is handled. Duration 10 ms by bot id=8824105826
2026-09-26 15:36:05,315 [INFO] aiogram.event: Update id=82901731 is not handled. Duration 16 ms by bot id=8824105826
2026-09-26 15:36:05,330 [INFO] aiogram.event: Update id=82901732 is not handled. Duration 14 ms by bot id=8824105826
2026-09-26 15:36:05,344 [INFO] aiogram.event: Update id=82901733 is not handled. Duration 13 ms by bot id=8824105826
2026-09-26 15:36:05,356 [INFO] aiogram.event: Update id=82901734 is handled. Duration 11 ms by bot id=8824105826
2026-09-26 15:36:05,371 [INFO] aiogram.event: Update id=82901735 is not handled. Duration 14 ms by bot id=8824105826
2026-09-26 15:36:05,386 [INFO] aiogram.event: Update id=82901736 is not handled. Duration 15 ms by bot id=8824105826
2026-09-26 15:36:05,397 [INFO] aiogram.event: Update id=82901737 is handled. Duration 10 ms by bot id=8824105826
2026-09-26 15:36:05,408 [INFO] aiogram.event: Update id=82901738 is handled. Duration 10 ms by bot id=8824105826
2026-09-26 15:36:05,424 [INFO] aiogram.event: Update id=82901739 is not handled. Duration 15 ms by bot id=8824105826
2026-09-26 15:36:05,440 [INFO] aiogram.event: Update id=82901740 is not handled. Duration 15 ms by bot id=8824105826
2026-09-26 15:36:05,452 [INFO] aiogram.event: Update id=82901741 is handled. Duration 11 ms by bot id=8824105826
2026-09-26 15:36:05,467 [INFO] aiogram.event: Update id=82901742 is not handled. Duration 14 ms by bot id=8824105826
2026-09-26 15:36:05,481 [INFO] aiogram.event: Update id=82901743 is not handled. Duration 14 ms by bot id=8824105826
2026-09-26 15:36:05,494 [INFO] aiogram.event: Update id=82901744 is handled. Duration 11 ms by bot id=8824105826
2026-09-26 15:36:05,505 [INFO] aiogram.event: Update id=82901745 is handled. Duration 11 ms by bot id=8824105826
2026-09-26 15:36:05,517 [INFO] aiogram.event: Update id=82901746 is handled. Duration 11 ms by bot id=8824105826
2026-09-26 15:36:05,532 [INFO] aiogram.event: Update id=82901747 is not handled. Duration 13 ms by bot id=8824105826
2026-09-26 15:36:05,547 [INFO] aiogram.event: Update id=82901748 is not handled. Duration 14 ms by bot id=8824105826
2026-09-26 15:36:05,564 [INFO] aiogram.event: Update id=82901749 is not handled. Duration 17 ms by bot id=8824105826
2026-09-26 15:36:05,575 [INFO] aiogram.event: Update id=82901750 is handled. Duration 9 ms by bot id=8824105826
2026-09-26 15:36:05,587 [INFO] aiogram.event: Update id=82901751 is handled. Duration 12 ms by bot id=8824105826
2026-09-26 15:36:05,599 [INFO] aiogram.event: Update id=82901752 is handled. Duration 11 ms by bot id=8824105826
2026-09-26 15:36:05,631 [INFO] aiogram.event: Update id=82901753 is handled. Duration 10 ms by bot id=8824105826
2026-09-26 15:36:05,645 [INFO] aiogram.event: Update id=82901754 is not handled. Duration 13 ms by bot id=8824105826
2026-09-26 15:36:05,661 [INFO] aiogram.event: Update id=82901755 is not handled. Duration 15 ms by bot id=8824105826
2026-09-26 15:36:05,677 [INFO] aiogram.event: Update id=82901756 is not handled. Duration 15 ms by bot id=8824105826
2026-09-26 15:36:05,689 [INFO] aiogram.event: Update id=82901757 is handled. Duration 11 ms by bot id=8824105826
2026-09-26 15:36:05,702 [INFO] aiogram.event: Update id=82901758 is handled. Duration 12 ms by bot id=8824105826
2026-09-26 15:36:05,709 [INFO] united_dialog: [cmd .type]
2026-09-26 15:36:05,712 [INFO] united_dialog: [dispatch ENTER] cmd='type' arg='' chat=5194433280
2026-09-26 15:36:05,728 [INFO] aiogram.event: Update id=82901760 is not handled. Duration 13 ms by bot id=8824105826
2026-09-26 15:36:05,743 [INFO] aiogram.event: Update id=82901761 is not handled. Duration 14 ms by bot id=8824105826
2026-09-26 15:36:05,754 [INFO] aiogram.event: Update id=82901762 is handled. Duration 10 ms by bot id=8824105826
2026-09-26 15:36:05,769 [INFO] aiogram.event: Update id=82901763 is not handled. Duration 14 ms by bot id=8824105826
2026-09-26 15:36:05,785 [INFO] aiogram.event: Update id=82901764 is not handled. Duration 14 ms by bot id=8824105826
2026-09-26 15:36:05,795 [INFO] aiogram.event: Update id=82901765 is handled. Duration 9 ms by bot id=8824105826
2026-09-26 15:36:05,822 [INFO] aiogram.event: Update id=82901766 is not handled. Duration 27 ms by bot id=8824105826
2026-09-26 15:36:05,869 [INFO] aiogram.event: Update id=82901767 is handled. Duration 28 ms by bot id=8824105826
2026-09-26 15:36:05,897 [INFO] aiogram.event: Update id=82901768 is handled. Duration 27 ms by bot id=8824105826
2026-09-26 15:36:05,917 [INFO] aiogram.event: Update id=82901769 is not handled. Duration 19 ms by bot id=8824105826
2026-09-26 15:36:05,934 [INFO] aiogram.event: Update id=82901770 is not handled. Duration 17 ms by bot id=8824105826
2026-09-26 15:36:05,948 [INFO] aiogram.event: Update id=82901771 is not handled. Duration 13 ms by bot id=8824105826
2026-09-26 15:36:05,962 [INFO] aiogram.event: Update id=82901772 is not handled. Duration 14 ms by bot id=8824105826
2026-09-26 15:36:05,979 [INFO] aiogram.event: Update id=82901773 is not handled. Duration 15 ms by bot id=8824105826
2026-09-26 15:36:05,990 [INFO] aiogram.event: Update id=82901775 is handled. Duration 10 ms by bot id=8824105826
2026-09-26 15:36:06,586 [INFO] aiogram.event: Update id=82901605 is handled. Duration 3038 ms by bot id=8824105826
2026-09-26 15:36:06,589 [INFO] aiogram.event: Update id=82901774 is handled. Duration 609 ms by bot id=8824105826
2026-09-26 15:36:06,591 [INFO] united_dialog: [private OK] to=7113397602
2026-09-26 15:36:06,699 [INFO] aiogram.event: Update id=82901759 is handled. Duration 997 ms by bot id=8824105826
2026-09-26 15:36:07,090 [INFO] united_dialog: [media ↓] 579236 → jpg
2026-09-26 15:36:08,034 [INFO] united_dialog: [vm transform] preset=3 filter=asetrate=48000*1.55,aresample=48000,atempo=0.65 in=118859b out=21887b
2026-09-26 15:36:08,265 [INFO] united_dialog: [media ↓] 579114 → bin
2026-09-26 15:36:08,934 [INFO] united_dialog: [vm sent] preset=3 chat=5194433280 mid=579188
2026-09-26 15:36:08,935 [INFO] aiogram.event: Update id=82901725 is not handled. Duration 3714 ms by bot id=8824105826
2026-09-26 15:36:09,242 [INFO] united_dialog: [media ↓] 579172 → jpg
2026-09-26 15:36:09,759 [INFO] united_dialog: [media ↓] 578989 → jpg
2026-09-26 15:36:11,003 [INFO] united_dialog: [vm transform] preset=3 filter=asetrate=48000*1.55,aresample=48000,atempo=0.65 in=304259b out=53036b
2026-09-26 15:36:11,431 [INFO] united_dialog: [media ↓] 579150 → bin
2026-09-26 15:36:11,485 [INFO] united_dialog: [media ↓] 579056 → jpg
2026-09-26 15:36:11,640 [INFO] united_dialog: [media ↓] 578983 → jpg
2026-09-26 15:36:11,687 [INFO] united_dialog: [media ↓] 579036 → bin
2026-09-26 15:36:11,743 [INFO] united_dialog: [vm sent] preset=3 chat=5194433280 mid=579001
2026-09-26 15:36:11,745 [INFO] aiogram.event: Update id=82901575 is not handled. Duration 8589 ms by bot id=8824105826
2026-09-26 15:36:11,764 [INFO] united_dialog: [media ↓] 579016 → bin
2026-09-26 15:36:12,688 [INFO] united_dialog: [media ↓] 579166 → mp4
2026-09-26 15:36:12,924 [INFO] united_dialog: [vm transform] preset=3 filter=asetrate=48000*1.55,aresample=48000,atempo=0.65 in=329236b out=90905b
2026-09-26 15:36:13,887 [INFO] united_dialog: [vm sent] preset=3 chat=5194433280 mid=579008
2026-09-26 15:36:13,891 [INFO] aiogram.event: Update id=82901578 is not handled. Duration 10688 ms by bot id=8824105826
2026-09-26 15:36:15,760 [INFO] united_dialog: [media ↓] 579006 → mp4
2026-09-26 15:36:19,078 [INFO] united_dialog: [media] скачано 10...
2026-09-26 15:36:23,763 [INFO] united_dialog: [media] всего скачано за прогон: 14
2026-09-26 15:36:26,428 [INFO] united_dialog: archive: Готово: 14 архивов
2026-09-26 15:37:58,745 [INFO] united_dialog: archive: pushed to web
2026-09-26 15:39:11,492 [INFO] united_dialog: [del event] chat=5194433280 mids=[579008] owner=7113397602 notify=True
2026-09-26 15:39:11,495 [INFO] aiogram.event: Update id=82901776 is handled. Duration 5 ms by bot id=8824105826
2026-09-26 15:39:11,498 [INFO] united_dialog: [del event] chat=5194433280 mids=[579001] owner=7113397602 notify=True
2026-09-26 15:39:11,501 [INFO] aiogram.event: Update id=82901777 is handled. Duration 5 ms by bot id=8824105826
2026-09-26 15:39:11,503 [INFO] united_dialog: [del event] chat=5194433280 mids=[579188] owner=7113397602 notify=True
2026-09-26 15:39:11,506 [INFO] aiogram.event: Update id=82901778 is handled. Duration 4 ms by bot id=8824105826
2026-09-26 15:39:11,508 [INFO] united_dialog: [del event] chat=5194433280 mids=[579223] owner=7113397602 notify=True
2026-09-26 15:39:11,510 [INFO] aiogram.event: Update id=82901779 is handled. Duration 4 ms by bot id=8824105826
2026-09-26 15:39:11,524 [INFO] aiogram.event: Update id=82901780 is handled. Duration 13 ms by bot id=8824105826
2026-09-26 15:39:38,328 [INFO] aiogram.event: Update id=82901781 is not handled. Duration 24 ms by bot id=8824105826
2026-09-26 15:39:52,553 [INFO] aiogram.event: Update id=82901782 is not handled. Duration 23 ms by bot id=8824105826
2026-09-26 15:39:56,784 [INFO] aiogram.event: Update id=82901783 is not handled. Duration 24 ms by bot id=8824105826
2026-09-26 15:40:46,016 [INFO] aiogram.event: Update id=82901784 is handled. Duration 155 ms by bot id=8824105826
2026-09-26 15:41:00,197 [INFO] united_dialog: archive: Готово: 14 архивов
2026-09-26 15:41:01,806 [INFO] aiogram.event: Update id=82901785 is handled. Duration 363 ms by bot id=8824105826
2026-09-26 15:41:05,971 [INFO] aiogram.event: Update id=82901786 is handled. Duration 250 ms by bot id=8824105826
2026-09-26 15:42:09,897 [INFO] united_dialog: archive: pushed to web
2026-09-26 15:42:21,285 [INFO] aiogram.event: Update id=82901787 is handled. Duration 1562 ms by bot id=8824105826
2026-09-26 15:42:25,159 [ERROR] aiogram.dispatcher: Failed to fetch updates - TelegramNetworkError: HTTP Client says - ClientOSError: [Errno 104] Connection reset by peer
2026-09-26 15:42:25,162 [WARNING] aiogram.dispatcher: Sleep for 1.000000 seconds and try again... (tryings = 0, bot id = 8824105826)
2026-09-26 15:42:55,909 [INFO] aiogram.dispatcher: Connection established (tryings = 1, bot id = 8824105826)
2026-09-26 15:43:12,356 [INFO] aiogram.event: Update id=82901788 is handled. Duration 352 ms by bot id=8824105826
2026-09-26 15:43:14,849 [INFO] aiogram.event: Update id=82901789 is handled. Duration 517 ms by bot id=8824105826
2026-09-26 15:43:16,322 [INFO] aiogram.event: Update id=82901790 is handled. Duration 222 ms by bot id=8824105826
2026-09-26 15:43:18,981 [INFO] aiogram.event: Update id=82901791 is handled. Duration 1091 ms by bot id=8824105826
2026-09-26 15:43:25,154 [INFO] aiogram.event: Update id=82901792 is handled. Duration 135 ms by bot id=8824105826
2026-09-26 15:43:27,528 [INFO] aiogram.event: Update id=82901793 is handled. Duration 261 ms by bot id=8824105826
2026-09-26 15:43:28,530 [INFO] aiogram.event: Update id=82901794 is handled. Duration 138 ms by bot id=8824105826
2026-09-26 15:43:29,307 [INFO] aiogram.event: Update id=82901795 is handled. Duration 131 ms by bot id=8824105826
2026-09-26 15:43:30,838 [INFO] aiogram.event: Update id=82901796 is handled. Duration 279 ms by bot id=8824105826
2026-09-26 15:43:32,238 [INFO] aiogram.event: Update id=82901797 is handled. Duration 241 ms by bot id=8824105826
2026-09-26 15:43:34,557 [INFO] aiogram.event: Update id=82901798 is handled. Duration 340 ms by bot id=8824105826
2026-09-26 15:44:30,934 [INFO] aiogram.event: Update id=82901799 is handled. Duration 411 ms by bot id=8824105826
2026-09-26 15:44:48,746 [INFO] aiogram.event: Update id=82901800 is handled. Duration 347 ms by bot id=8824105826
2026-09-26 15:44:52,532 [INFO] aiogram.event: Update id=82901801 is handled. Duration 98 ms by bot id=8824105826
2026-09-26 15:44:57,895 [INFO] aiogram.event: Update id=82901802 is handled. Duration 125 ms by bot id=8824105826
2026-09-26 15:45:01,269 [INFO] aiogram.event: Update id=82901803 is handled. Duration 129 ms by bot id=8824105826
2026-09-26 15:45:02,637 [INFO] aiogram.event: Update id=82901804 is handled. Duration 101 ms by bot id=8824105826
2026-09-26 15:45:11,716 [INFO] united_dialog: archive: Готово: 14 архивов
2026-09-26 15:46:12,814 [INFO] united_dialog: archive: pushed to web
2026-09-26 15:49:15,440 [INFO] united_dialog: archive: Готово: 14 архивов
2026-09-26 15:50:33,394 [INFO] united_dialog: archive: pushed to web
2026-09-26 15:53:35,092 [INFO] united_dialog: archive: Готово: 14 архивов
2026-09-26 15:54:40,120 [INFO] united_dialog: archive: pushed to web
2026-09-26 15:57:41,648 [INFO] united_dialog: archive: Готово: 14 архивов
2026-09-26 15:59:15,017 [INFO] united_dialog: archive: pushed to web
2026-09-26 16:02:18,417 [INFO] united_dialog: archive: Готово: 14 архивов
2026-09-26 16:04:02,819 [WARNING] aiogram.dispatcher: Received SIGINT signal
2026-09-26 16:04:02,820 [INFO] aiogram.dispatcher: Polling stopped for bot @UnitedDialogBot id=8824105826 - 'United Dialog'
2026-09-26 16:04:02,820 [INFO] aiogram.dispatcher: Polling stopped
2026-09-26 16:04:02,830 [WARNING] united_dialog: web push failed: 
2026-09-26 16:09:51,134 [INFO] united_dialog: United Dialog запущен.
2026-09-26 16:09:51,135 [INFO] aiogram.dispatcher: Start polling
2026-09-26 16:09:51,222 [INFO] aiogram.dispatcher: Run polling for bot @UnitedDialogBot id=8824105826 - 'United Dialog'
2026-09-26 16:09:51,773 [INFO] aiogram.event: Update id=82901806 is handled. Duration 384 ms by bot id=8824105826
2026-09-26 16:09:51,775 [INFO] aiogram.event: Update id=82901805 is handled. Duration 387 ms by bot id=8824105826
2026-09-26 16:09:51,792 [INFO] aiogram.event: Update id=82901807 is handled. Duration 400 ms by bot id=8824105826
2026-09-26 16:09:57,501 [INFO] united_dialog: archive: Готово: 14 архивов
2026-09-26 16:10:02,914 [INFO] aiogram.event: Update id=82901808 is handled. Duration 212 ms by bot id=8824105826
2026-09-26 16:10:06,771 [INFO] aiogram.event: Update id=82901809 is handled. Duration 245 ms by bot id=8824105826
2026-09-26 16:10:11,800 [INFO] aiogram.event: Update id=82901810 is handled. Duration 3413 ms by bot id=8824105826
2026-09-26 16:10:42,266 [INFO] aiogram.event: Update id=82901811 is not handled. Duration 22 ms by bot id=8824105826
2026-09-26 16:10:44,479 [INFO] united_dialog: [media ↓] 579278 → jpg
2026-09-26 16:10:45,142 [INFO] united_dialog: archive: pushed to web
2026-09-26 16:10:55,874 [INFO] aiogram.event: Update id=82901812 is handled. Duration 1477 ms by bot id=8824105826
2026-09-26 16:11:04,624 [INFO] aiogram.event: Update id=82901813 is not handled. Duration 29 ms by bot id=8824105826
2026-09-26 16:11:04,863 [INFO] united_dialog: [media ↓] 579280 → jpg
2026-09-26 16:11:08,210 [INFO] aiogram.event: Update id=82901814 is handled. Duration 300 ms by bot id=8824105826
2026-09-26 16:11:35,616 [INFO] aiogram.event: Update id=82901815 is handled. Duration 238 ms by bot id=8824105826
2026-09-26 16:11:37,478 [INFO] aiogram.event: Update id=82901816 is handled. Duration 218 ms by bot id=8824105826
2026-09-26 16:11:39,343 [INFO] aiogram.event: Update id=82901817 is handled. Duration 212 ms by bot id=8824105826
2026-09-26 16:13:45,576 [INFO] united_dialog: [media] всего скачано за прогон: 2
2026-09-26 16:13:47,093 [INFO] united_dialog: archive: Готово: 14 архивов
2026-09-26 16:14:26,813 [WARNING] aiogram.dispatcher: Received SIGINT signal
2026-09-26 16:14:26,816 [INFO] aiogram.dispatcher: Polling stopped for bot @UnitedDialogBot id=8824105826 - 'United Dialog'
2026-09-26 16:14:26,817 [INFO] aiogram.dispatcher: Polling stopped
2026-09-26 16:14:26,821 [WARNING] united_dialog: web push failed: 
2026-09-26 16:32:43,866 [INFO] united_dialog: United Dialog запущен.
2026-09-26 16:32:43,868 [INFO] aiogram.dispatcher: Start polling
2026-09-26 16:32:43,955 [INFO] aiogram.dispatcher: Run polling for bot @UnitedDialogBot id=8824105826 - 'United Dialog'
2026-09-26 16:32:44,082 [INFO] aiogram.event: Update id=82901818 is not handled. Duration 20 ms by bot id=8824105826
2026-09-26 16:32:44,104 [INFO] aiogram.event: Update id=82901819 is not handled. Duration 21 ms by bot id=8824105826
2026-09-26 16:32:44,489 [INFO] aiogram.event: Update id=82901820 is handled. Duration 405 ms by bot id=8824105826
2026-09-26 16:32:44,979 [INFO] united_dialog: [media ↓] 579286 → bin
2026-09-26 16:32:49,010 [INFO] united_dialog: [media] всего скачано за прогон: 1
2026-09-26 16:32:49,281 [INFO] aiogram.event: Update id=82901821 is handled. Duration 688 ms by bot id=8824105826
2026-09-26 16:32:50,817 [INFO] united_dialog: archive: Готово: 14 архивов
2026-09-26 16:32:56,350 [INFO] aiogram.event: Update id=82901822 is handled. Duration 1466 ms by bot id=8824105826
2026-09-26 16:32:59,054 [INFO] aiogram.event: Update id=82901823 is handled. Duration 315 ms by bot id=8824105826
2026-09-26 16:33:01,014 [INFO] aiogram.event: Update id=82901824 is handled. Duration 253 ms by bot id=8824105826
2026-09-26 16:33:08,402 [INFO] aiogram.event: Update id=82901825 is handled. Duration 1278 ms by bot id=8824105826
2026-09-26 16:33:15,267 [INFO] aiogram.event: Update id=82901826 is handled. Duration 3110 ms by bot id=8824105826
2026-09-26 16:33:26,941 [INFO] aiogram.event: Update id=82901827 is handled. Duration 5606 ms by bot id=8824105826
2026-09-26 16:33:44,600 [INFO] united_dialog: archive: pushed to web
2026-09-26 16:33:54,243 [INFO] united_dialog: [cmd .qr]
2026-09-26 16:33:54,247 [INFO] united_dialog: [dispatch ENTER] cmd='qr' arg='' chat=5194433280
2026-09-26 16:33:54,388 [INFO] united_dialog: [out OK] chat=5194433280
2026-09-26 16:33:54,526 [INFO] aiogram.event: Update id=82901828 is handled. Duration 295 ms by bot id=8824105826
2026-09-26 16:34:48,903 [INFO] united_dialog: [del event] chat=5194433280 mids=[579297] owner=7113397602 notify=True
2026-09-26 16:34:48,906 [INFO] aiogram.event: Update id=82901829 is handled. Duration 6 ms by bot id=8824105826
2026-09-26 16:34:48,919 [INFO] united_dialog: [cmd .qr]
2026-09-26 16:34:48,921 [INFO] united_dialog: [dispatch ENTER] cmd='qr' arg='https://t.me/cf_mz' chat=5194433280
2026-09-26 16:34:49,263 [INFO] aiogram.event: Update id=82901830 is handled. Duration 356 ms by bot id=8824105826
2026-09-26 16:36:01,032 [INFO] united_dialog: [del event] chat=5194433280 mids=[579299] owner=7113397602 notify=True
2026-09-26 16:36:01,037 [INFO] aiogram.event: Update id=82901831 is handled. Duration 8 ms by bot id=8824105826
2026-09-26 16:36:01,048 [INFO] united_dialog: [cmd .qr]
2026-09-26 16:36:01,051 [INFO] united_dialog: [dispatch ENTER] cmd='qr' arg='read' chat=5194433280
2026-09-26 16:36:01,641 [INFO] united_dialog: [out OK] chat=5194433280
2026-09-26 16:36:01,847 [INFO] aiogram.event: Update id=82901832 is handled. Duration 809 ms by bot id=8824105826
2026-09-26 16:36:06,708 [INFO] united_dialog: [del event] chat=5194433280 mids=[579301] owner=7113397602 notify=True
2026-09-26 16:36:06,712 [INFO] aiogram.event: Update id=82901833 is handled. Duration 7 ms by bot id=8824105826
2026-09-26 16:36:06,735 [INFO] aiogram.event: Update id=82901834 is not handled. Duration 22 ms by bot id=8824105826
2026-09-26 16:36:08,147 [INFO] aiogram.event: Update id=82901835 is not handled. Duration 23 ms by bot id=8824105826
2026-09-26 16:36:27,767 [INFO] aiogram.event: Update id=82901836 is handled. Duration 573 ms by bot id=8824105826
2026-09-26 16:36:34,216 [INFO] aiogram.event: Update id=82901837 is handled. Duration 388 ms by bot id=8824105826
2026-09-26 16:36:37,500 [INFO] aiogram.event: Update id=82901838 is handled. Duration 308 ms by bot id=8824105826
2026-09-26 16:36:39,237 [INFO] aiogram.event: Update id=82901839 is handled. Duration 269 ms by bot id=8824105826
2026-09-26 16:36:42,204 [INFO] aiogram.event: Update id=82901840 is handled. Duration 304 ms by bot id=8824105826
2026-09-26 16:36:46,404 [INFO] united_dialog: archive: Готово: 14 архивов
2026-09-26 16:37:14,823 [INFO] united_dialog: archive: pushed to web
2026-09-26 16:40:16,774 [INFO] united_dialog: archive: Готово: 14 архивов
2026-09-26 16:41:17,671 [INFO] united_dialog: archive: pushed to web
2026-09-26 16:41:21,589 [WARNING] aiogram.dispatcher: Received SIGINT signal
2026-09-26 16:41:21,593 [INFO] aiogram.dispatcher: Polling stopped for bot @UnitedDialogBot id=8824105826 - 'United Dialog'
2026-09-26 16:41:21,594 [INFO] aiogram.dispatcher: Polling stopped
2026-09-26 16:41:46,521 [INFO] united_dialog: United Dialog запущен.
2026-09-26 16:41:46,522 [INFO] aiogram.dispatcher: Start polling
2026-09-26 16:41:46,603 [INFO] aiogram.dispatcher: Run polling for bot @UnitedDialogBot id=8824105826 - 'United Dialog'
2026-09-26 16:41:53,021 [INFO] united_dialog: archive: Готово: 14 архивов
2026-09-26 16:41:56,548 [INFO] aiogram.event: Update id=82901841 is handled. Duration 686 ms by bot id=8824105826
2026-09-26 16:41:57,377 [INFO] aiogram.event: Update id=82901842 is handled. Duration 233 ms by bot id=8824105826
2026-09-26 16:42:01,829 [INFO] aiogram.event: Update id=82901843 is handled. Duration 227 ms by bot id=8824105826
2026-09-26 16:42:03,757 [INFO] aiogram.event: Update id=82901844 is handled. Duration 367 ms by bot id=8824105826
2026-09-26 16:42:25,456 [INFO] united_dialog: archive: pushed to web
2026-09-26 16:42:51,336 [WARNING] aiogram.dispatcher: Received SIGINT signal
2026-09-26 16:42:51,338 [INFO] aiogram.dispatcher: Polling stopped for bot @UnitedDialogBot id=8824105826 - 'United Dialog'
2026-09-26 16:42:51,341 [INFO] aiogram.dispatcher: Polling stopped
2026-09-26 16:45:53,498 [INFO] united_dialog: United Dialog запущен.
2026-09-26 16:45:53,499 [INFO] aiogram.dispatcher: Start polling
2026-09-26 16:45:53,601 [INFO] aiogram.dispatcher: Run polling for bot @UnitedDialogBot id=8824105826 - 'United Dialog'
2026-09-26 16:45:58,232 [INFO] aiogram.event: Update id=82901845 is handled. Duration 421 ms by bot id=8824105826
2026-09-26 16:45:59,448 [INFO] aiogram.event: Update id=82901846 is handled. Duration 280 ms by bot id=8824105826
2026-09-26 16:45:59,807 [INFO] united_dialog: archive: Готово: 14 архивов
2026-09-26 16:46:03,395 [INFO] aiogram.event: Update id=82901847 is handled. Duration 175 ms by bot id=8824105826
2026-09-26 16:46:06,281 [INFO] aiogram.event: Update id=82901848 is handled. Duration 354 ms by bot id=8824105826
2026-09-26 16:47:14,010 [INFO] united_dialog: archive: pushed to web
2026-09-26 16:48:55,515 [WARNING] aiogram.dispatcher: Received SIGINT signal
2026-09-26 16:48:55,519 [INFO] aiogram.dispatcher: Polling stopped for bot @UnitedDialogBot id=8824105826 - 'United Dialog'
2026-09-26 16:48:55,520 [INFO] aiogram.dispatcher: Polling stopped
2026-09-26 16:49:39,133 [INFO] united_dialog: United Dialog запущен.
2026-09-26 16:49:39,136 [INFO] aiogram.dispatcher: Start polling
2026-09-26 16:49:39,241 [INFO] aiogram.dispatcher: Run polling for bot @UnitedDialogBot id=8824105826 - 'United Dialog'
2026-09-26 16:49:45,800 [INFO] united_dialog: archive: Готово: 14 архивов
2026-09-26 16:50:07,502 [INFO] aiogram.event: Update id=82901849 is handled. Duration 629 ms by bot id=8824105826
2026-09-26 16:50:08,329 [ERROR] united_dialog: Error: no such table: support_threads
Traceback (most recent call last):
  File "/home/maya/united/venv/lib/python3.12/site-packages/aiogram/dispatcher/middlewares/error.py", line 27, in __call__
    return await handler(event, data)
           ^^^^^^^^^^^^^^^^^^^^^^^^^^
  File "/home/maya/united/venv/lib/python3.12/site-packages/aiogram/dispatcher/middlewares/user_context.py", line 58, in __call__
    return await handler(event, data)
           ^^^^^^^^^^^^^^^^^^^^^^^^^^
  File "/home/maya/united/venv/lib/python3.12/site-packages/aiogram/fsm/middleware.py", line 43, in __call__
    return await handler(event, data)
           ^^^^^^^^^^^^^^^^^^^^^^^^^^
  File "/home/maya/united/venv/lib/python3.12/site-packages/aiogram/dispatcher/event/telegram.py", line 126, in trigger
    return await wrapped_inner(event, kwargs)
           ^^^^^^^^^^^^^^^^^^^^^^^^^^^^^^^^^^
  File "/home/maya/united/venv/lib/python3.12/site-packages/aiogram/dispatcher/event/handler.py", line 71, in call
    return await wrapped()
           ^^^^^^^^^^^^^^^
  File "/home/maya/united/venv/lib/python3.12/site-packages/aiogram/dispatcher/dispatcher.py", line 284, in _listen_update
    return await self.propagate_event(update_type=update_type, event=event, **kwargs)
           ^^^^^^^^^^^^^^^^^^^^^^^^^^^^^^^^^^^^^^^^^^^^^^^^^^^^^^^^^^^^^^^^^^^^^^^^^^
  File "/home/maya/united/venv/lib/python3.12/site-packages/aiogram/dispatcher/router.py", line 172, in propagate_event
    return await observer.wrap_outer_middleware(_wrapped, event=event, data=kwargs)
           ^^^^^^^^^^^^^^^^^^^^^^^^^^^^^^^^^^^^^^^^^^^^^^^^^^^^^^^^^^^^^^^^^^^^^^^^
  File "/home/maya/united/venv/lib/python3.12/site-packages/aiogram/dispatcher/router.py", line 164, in _wrapped
    return await self._propagate_event(
           ^^^^^^^^^^^^^^^^^^^^^^^^^^^^
  File "/home/maya/united/venv/lib/python3.12/site-packages/aiogram/dispatcher/router.py", line 192, in _propagate_event
    response = await observer.trigger(event, **kwargs)
               ^^^^^^^^^^^^^^^^^^^^^^^^^^^^^^^^^^^^^^^
  File "/home/maya/united/venv/lib/python3.12/site-packages/aiogram/dispatcher/event/telegram.py", line 126, in trigger
    return await wrapped_inner(event, kwargs)
           ^^^^^^^^^^^^^^^^^^^^^^^^^^^^^^^^^^
  File "/home/maya/united/venv/lib/python3.12/site-packages/aiogram/dispatcher/event/handler.py", line 71, in call
    return await wrapped()
           ^^^^^^^^^^^^^^^
  File "/home/maya/united/bot.py", line 1306, in on_menu_cb
    has_open = support_find_any_thread_by_user(u["id"])
               ^^^^^^^^^^^^^^^^^^^^^^^^^^^^^^^^^^^^^^^^
  File "/home/maya/united/bot.py", line 718, in support_find_any_thread_by_user
    r = c.execute("SELECT * FROM support_threads WHERE user_id=? AND status='open' ORDER BY id DESC LIMIT 1", (uid,)).fetchone()
        ^^^^^^^^^^^^^^^^^^^^^^^^^^^^^^^^^^^^^^^^^^^^^^^^^^^^^^^^^^^^^^^^^^^^^^^^^^^^^^^^^^^^^^^^^^^^^^^^^^^^^^^^^^^^^
sqlite3.OperationalError: no such table: support_threads
2026-09-26 16:50:08,352 [INFO] aiogram.event: Update id=82901850 is handled. Duration 52 ms by bot id=8824105826
2026-09-26 16:50:15,519 [INFO] aiogram.event: Update id=82901851 is handled. Duration 2004 ms by bot id=8824105826
2026-09-26 16:50:17,174 [ERROR] united_dialog: Error: no such table: support_threads
Traceback (most recent call last):
  File "/home/maya/united/venv/lib/python3.12/site-packages/aiogram/dispatcher/middlewares/error.py", line 27, in __call__
    return await handler(event, data)
           ^^^^^^^^^^^^^^^^^^^^^^^^^^
  File "/home/maya/united/venv/lib/python3.12/site-packages/aiogram/dispatcher/middlewares/user_context.py", line 58, in __call__
    return await handler(event, data)
           ^^^^^^^^^^^^^^^^^^^^^^^^^^
  File "/home/maya/united/venv/lib/python3.12/site-packages/aiogram/fsm/middleware.py", line 43, in __call__
    return await handler(event, data)
           ^^^^^^^^^^^^^^^^^^^^^^^^^^
  File "/home/maya/united/venv/lib/python3.12/site-packages/aiogram/dispatcher/event/telegram.py", line 126, in trigger
    return await wrapped_inner(event, kwargs)
           ^^^^^^^^^^^^^^^^^^^^^^^^^^^^^^^^^^
  File "/home/maya/united/venv/lib/python3.12/site-packages/aiogram/dispatcher/event/handler.py", line 71, in call
    return await wrapped()
           ^^^^^^^^^^^^^^^
  File "/home/maya/united/venv/lib/python3.12/site-packages/aiogram/dispatcher/dispatcher.py", line 284, in _listen_update
    return await self.propagate_event(update_type=update_type, event=event, **kwargs)
           ^^^^^^^^^^^^^^^^^^^^^^^^^^^^^^^^^^^^^^^^^^^^^^^^^^^^^^^^^^^^^^^^^^^^^^^^^^
  File "/home/maya/united/venv/lib/python3.12/site-packages/aiogram/dispatcher/router.py", line 172, in propagate_event
    return await observer.wrap_outer_middleware(_wrapped, event=event, data=kwargs)
           ^^^^^^^^^^^^^^^^^^^^^^^^^^^^^^^^^^^^^^^^^^^^^^^^^^^^^^^^^^^^^^^^^^^^^^^^
  File "/home/maya/united/venv/lib/python3.12/site-packages/aiogram/dispatcher/router.py", line 164, in _wrapped
    return await self._propagate_event(
           ^^^^^^^^^^^^^^^^^^^^^^^^^^^^
  File "/home/maya/united/venv/lib/python3.12/site-packages/aiogram/dispatcher/router.py", line 192, in _propagate_event
    response = await observer.trigger(event, **kwargs)
               ^^^^^^^^^^^^^^^^^^^^^^^^^^^^^^^^^^^^^^^
  File "/home/maya/united/venv/lib/python3.12/site-packages/aiogram/dispatcher/event/telegram.py", line 126, in trigger
    return await wrapped_inner(event, kwargs)
           ^^^^^^^^^^^^^^^^^^^^^^^^^^^^^^^^^^
  File "/home/maya/united/venv/lib/python3.12/site-packages/aiogram/dispatcher/event/handler.py", line 71, in call
    return await wrapped()
           ^^^^^^^^^^^^^^^
  File "/home/maya/united/bot.py", line 1306, in on_menu_cb
    has_open = support_find_any_thread_by_user(u["id"])
               ^^^^^^^^^^^^^^^^^^^^^^^^^^^^^^^^^^^^^^^^
  File "/home/maya/united/bot.py", line 718, in support_find_any_thread_by_user
    r = c.execute("SELECT * FROM support_threads WHERE user_id=? AND status='open' ORDER BY id DESC LIMIT 1", (uid,)).fetchone()
        ^^^^^^^^^^^^^^^^^^^^^^^^^^^^^^^^^^^^^^^^^^^^^^^^^^^^^^^^^^^^^^^^^^^^^^^^^^^^^^^^^^^^^^^^^^^^^^^^^^^^^^^^^^^^^
sqlite3.OperationalError: no such table: support_threads
2026-09-26 16:50:17,181 [INFO] aiogram.event: Update id=82901852 is handled. Duration 19 ms by bot id=8824105826
2026-09-26 16:54:19,148 [INFO] united_dialog: United Dialog запущен.
2026-09-26 16:54:19,150 [INFO] aiogram.dispatcher: Start polling
2026-09-26 16:54:19,241 [INFO] aiogram.dispatcher: Run polling for bot @UnitedDialogBot id=8824105826 - 'United Dialog'
2026-09-26 16:54:25,706 [INFO] united_dialog: archive: Готово: 14 архивов
2026-09-26 16:54:39,886 [INFO] aiogram.event: Update id=82901853 is handled. Duration 657 ms by bot id=8824105826
2026-09-26 16:54:51,558 [INFO] aiogram.event: Update id=82901854 is handled. Duration 4203 ms by bot id=8824105826
2026-09-26 16:54:57,003 [INFO] aiogram.event: Update id=82901855 is handled. Duration 2 ms by bot id=8824105826
2026-09-26 16:55:11,024 [INFO] aiogram.event: Update id=82901856 is handled. Duration 5821 ms by bot id=8824105826
2026-09-26 16:55:45,085 [INFO] aiogram.event: Update id=82901857 is handled. Duration 1687 ms by bot id=8824105826
2026-09-26 16:55:51,439 [INFO] aiogram.event: Update id=82901858 is handled. Duration 5393 ms by bot id=8824105826
2026-09-26 16:55:54,246 [INFO] aiogram.event: Update id=82901859 is handled. Duration 2970 ms by bot id=8824105826
2026-09-26 16:55:54,286 [ERROR] united_dialog: Error: name 'AFK_WAIT' is not defined
Traceback (most recent call last):
  File "/home/maya/united/venv/lib/python3.12/site-packages/aiogram/dispatcher/middlewares/error.py", line 27, in __call__
    return await handler(event, data)
           ^^^^^^^^^^^^^^^^^^^^^^^^^^
  File "/home/maya/united/venv/lib/python3.12/site-packages/aiogram/dispatcher/middlewares/user_context.py", line 58, in __call__
    return await handler(event, data)
           ^^^^^^^^^^^^^^^^^^^^^^^^^^
  File "/home/maya/united/venv/lib/python3.12/site-packages/aiogram/fsm/middleware.py", line 43, in __call__
    return await handler(event, data)
           ^^^^^^^^^^^^^^^^^^^^^^^^^^
  File "/home/maya/united/venv/lib/python3.12/site-packages/aiogram/dispatcher/event/telegram.py", line 126, in trigger
    return await wrapped_inner(event, kwargs)
           ^^^^^^^^^^^^^^^^^^^^^^^^^^^^^^^^^^
  File "/home/maya/united/venv/lib/python3.12/site-packages/aiogram/dispatcher/event/handler.py", line 71, in call
    return await wrapped()
           ^^^^^^^^^^^^^^^
  File "/home/maya/united/venv/lib/python3.12/site-packages/aiogram/dispatcher/dispatcher.py", line 284, in _listen_update
    return await self.propagate_event(update_type=update_type, event=event, **kwargs)
           ^^^^^^^^^^^^^^^^^^^^^^^^^^^^^^^^^^^^^^^^^^^^^^^^^^^^^^^^^^^^^^^^^^^^^^^^^^
  File "/home/maya/united/venv/lib/python3.12/site-packages/aiogram/dispatcher/router.py", line 172, in propagate_event
    return await observer.wrap_outer_middleware(_wrapped, event=event, data=kwargs)
           ^^^^^^^^^^^^^^^^^^^^^^^^^^^^^^^^^^^^^^^^^^^^^^^^^^^^^^^^^^^^^^^^^^^^^^^^
  File "/home/maya/united/venv/lib/python3.12/site-packages/aiogram/dispatcher/router.py", line 164, in _wrapped
    return await self._propagate_event(
           ^^^^^^^^^^^^^^^^^^^^^^^^^^^^
  File "/home/maya/united/venv/lib/python3.12/site-packages/aiogram/dispatcher/router.py", line 192, in _propagate_event
    response = await observer.trigger(event, **kwargs)
               ^^^^^^^^^^^^^^^^^^^^^^^^^^^^^^^^^^^^^^^
  File "/home/maya/united/venv/lib/python3.12/site-packages/aiogram/dispatcher/event/telegram.py", line 126, in trigger
    return await wrapped_inner(event, kwargs)
           ^^^^^^^^^^^^^^^^^^^^^^^^^^^^^^^^^^
  File "/home/maya/united/venv/lib/python3.12/site-packages/aiogram/dispatcher/event/handler.py", line 71, in call
    return await wrapped()
           ^^^^^^^^^^^^^^^
  File "/home/maya/united/bot.py", line 2613, in support_catch
    if uid in AFK_WAIT or uid in GREET_WAIT: return
              ^^^^^^^^
NameError: name 'AFK_WAIT' is not defined. Did you mean: '_AFK_LAST'?
2026-09-26 16:55:54,302 [INFO] aiogram.event: Update id=82901860 is handled. Duration 19 ms by bot id=8824105826
2026-09-26 16:56:02,508 [INFO] aiogram.event: Update id=82901862 is handled. Duration 827 ms by bot id=8824105826
2026-09-26 16:56:02,987 [INFO] aiogram.event: Update id=82901861 is handled. Duration 4616 ms by bot id=8824105826
2026-09-26 16:56:30,938 [INFO] united_dialog: archive: pushed to web
2026-09-26 16:56:41,212 [INFO] aiogram.event: Update id=82901863 is handled. Duration 247 ms by bot id=8824105826
2026-09-26 16:56:58,884 [WARNING] aiogram.dispatcher: Received SIGINT signal
2026-09-26 16:56:58,887 [INFO] aiogram.dispatcher: Polling stopped for bot @UnitedDialogBot id=8824105826 - 'United Dialog'
2026-09-26 16:56:58,889 [INFO] aiogram.dispatcher: Polling stopped
2026-09-26 16:57:20,741 [INFO] united_dialog: United Dialog запущен.
2026-09-26 16:57:20,742 [INFO] aiogram.dispatcher: Start polling
2026-09-26 16:57:20,841 [INFO] aiogram.dispatcher: Run polling for bot @UnitedDialogBot id=8824105826 - 'United Dialog'
2026-09-26 16:57:23,905 [INFO] aiogram.event: Update id=82901864 is handled. Duration 1012 ms by bot id=8824105826
2026-09-26 16:57:25,874 [INFO] united_dialog: archive: Готово: 14 архивов
2026-09-26 16:57:25,970 [INFO] aiogram.event: Update id=82901865 is handled. Duration 701 ms by bot id=8824105826
2026-09-26 16:57:28,194 [INFO] aiogram.event: Update id=82901866 is handled. Duration 1672 ms by bot id=8824105826
2026-09-26 16:57:28,617 [INFO] aiogram.event: Update id=82901867 is handled. Duration 355 ms by bot id=8824105826
2026-09-26 16:57:33,023 [INFO] aiogram.event: Update id=82901868 is handled. Duration 2899 ms by bot id=8824105826
2026-09-26 16:57:36,505 [INFO] aiogram.event: Update id=82901869 is handled. Duration 925 ms by bot id=8824105826
2026-09-26 16:57:38,555 [INFO] aiogram.event: Update id=82901870 is handled. Duration 614 ms by bot id=8824105826
2026-09-26 16:57:44,877 [INFO] aiogram.event: Update id=82901871 is handled. Duration 2 ms by bot id=8824105826
2026-09-26 16:57:51,431 [INFO] aiogram.event: Update id=82901872 is handled. Duration 2239 ms by bot id=8824105826
2026-09-26 16:58:29,651 [INFO] united_dialog: archive: pushed to web
2026-09-26 16:59:25,622 [INFO] united_dialog: [vm transform] preset=3 filter=asetrate=48000*1.55,aresample=48000,atempo=0.65 in=1463b out=10699b
2026-09-26 16:59:26,143 [INFO] united_dialog: [vm sent] preset=3 chat=5194433280 mid=579325
2026-09-26 16:59:26,152 [INFO] aiogram.event: Update id=82901873 is not handled. Duration 2231 ms by bot id=8824105826
2026-09-26 16:59:49,147 [INFO] united_dialog: [del event] chat=5194433280 mids=[579325] owner=7113397602 notify=True
2026-09-26 16:59:49,156 [INFO] aiogram.event: Update id=82901874 is handled. Duration 15 ms by bot id=8824105826
2026-09-26 16:59:49,162 [INFO] united_dialog: [del event] chat=5194433280 mids=[579326] owner=7113397602 notify=True
2026-09-26 16:59:49,173 [INFO] united_dialog: [del lookup] mid=579326 found=False
2026-09-26 16:59:49,173 [INFO] united_dialog: [del skip vm-blind] mid=579326
2026-09-26 16:59:49,175 [INFO] aiogram.event: Update id=82901875 is handled. Duration 17 ms by bot id=8824105826
2026-09-26 16:59:58,318 [INFO] united_dialog: [vm transform] preset=3 filter=asetrate=48000*1.55,aresample=48000,atempo=0.65 in=23996b out=26823b
2026-09-26 16:59:58,669 [INFO] united_dialog: [vm sent] preset=3 chat=5194433280 mid=579327
2026-09-26 16:59:58,670 [INFO] aiogram.event: Update id=82901876 is not handled. Duration 1859 ms by bot id=8824105826
2026-09-26 17:00:24,283 [INFO] united_dialog: [del event] chat=5194433280 mids=[579327] owner=7113397602 notify=True
2026-09-26 17:00:24,286 [INFO] aiogram.event: Update id=82901877 is handled. Duration 9 ms by bot id=8824105826
2026-09-26 17:00:24,295 [INFO] united_dialog: [del event] chat=5194433280 mids=[579328] owner=7113397602 notify=True
2026-09-26 17:00:24,305 [INFO] united_dialog: [del lookup] mid=579328 found=False
2026-09-26 17:00:24,305 [INFO] united_dialog: [del skip vm-blind] mid=579328
2026-09-26 17:00:24,306 [INFO] aiogram.event: Update id=82901878 is handled. Duration 18 ms by bot id=8824105826
2026-09-26 17:00:33,895 [WARNING] aiogram.dispatcher: Received SIGINT signal
2026-09-26 17:00:33,898 [INFO] aiogram.dispatcher: Polling stopped for bot @UnitedDialogBot id=8824105826 - 'United Dialog'
2026-09-26 17:00:33,898 [INFO] aiogram.dispatcher: Polling stopped
2026-09-26 17:02:15,990 [INFO] united_dialog: United Dialog запущен.
2026-09-26 17:02:15,991 [INFO] aiogram.dispatcher: Start polling
2026-09-26 17:02:16,073 [INFO] aiogram.dispatcher: Run polling for bot @UnitedDialogBot id=8824105826 - 'United Dialog'
2026-09-26 17:02:21,531 [INFO] united_dialog: [media] всего скачано за прогон: 2
2026-09-26 17:02:23,274 [INFO] united_dialog: archive: Готово: 14 архивов
2026-09-26 17:02:27,944 [INFO] aiogram.event: Update id=82901879 is handled. Duration 1775 ms by bot id=8824105826
2026-09-26 17:02:29,388 [INFO] aiogram.event: Update id=82901880 is handled. Duration 659 ms by bot id=8824105826
2026-09-26 17:02:45,923 [INFO] aiogram.event: Update id=82901881 is handled. Duration 4562 ms by bot id=8824105826
2026-09-26 17:02:49,042 [INFO] aiogram.event: Update id=82901882 is handled. Duration 6655 ms by bot id=8824105826
2026-09-26 17:02:50,195 [INFO] aiogram.event: Update id=82901883 is handled. Duration 3868 ms by bot id=8824105826
2026-09-26 17:02:59,077 [INFO] aiogram.event: Update id=82901884 is handled. Duration 1344 ms by bot id=8824105826
2026-09-26 17:03:09,039 [INFO] united_dialog: archive: pushed to web
2026-09-26 17:03:11,626 [INFO] aiogram.event: Update id=82901885 is handled. Duration 251 ms by bot id=8824105826
2026-09-26 17:03:19,271 [INFO] aiogram.event: Update id=82901886 is handled. Duration 377 ms by bot id=8824105826
2026-09-26 17:03:23,928 [INFO] aiogram.event: Update id=82901887 is handled. Duration 360 ms by bot id=8824105826
2026-09-26 17:03:29,856 [INFO] aiogram.event: Update id=82901888 is handled. Duration 374 ms by bot id=8824105826
2026-09-26 17:04:32,893 [INFO] aiogram.event: Update id=82901889 is not handled. Duration 28 ms by bot id=8824105826
2026-09-26 17:04:42,641 [INFO] aiogram.event: Update id=82901890 is not handled. Duration 46 ms by bot id=8824105826
2026-09-26 17:05:51,562 [WARNING] aiogram.dispatcher: Received SIGINT signal
2026-09-26 17:05:51,567 [INFO] aiogram.dispatcher: Polling stopped for bot @UnitedDialogBot id=8824105826 - 'United Dialog'
2026-09-26 17:05:51,570 [INFO] aiogram.dispatcher: Polling stopped
2026-09-26 17:06:07,389 [INFO] united_dialog: United Dialog запущен.
2026-09-26 17:06:07,391 [INFO] aiogram.dispatcher: Start polling
2026-09-26 17:06:07,578 [INFO] aiogram.dispatcher: Run polling for bot @UnitedDialogBot id=8824105826 - 'United Dialog'
2026-09-26 17:06:13,591 [INFO] united_dialog: archive: Готово: 14 архивов
2026-09-26 17:06:19,838 [INFO] aiogram.event: Update id=82901891 is handled. Duration 660 ms by bot id=8824105826
2026-09-26 17:06:21,822 [INFO] aiogram.event: Update id=82901892 is handled. Duration 518 ms by bot id=8824105826
2026-09-26 17:06:30,590 [INFO] aiogram.event: Update id=82901893 is handled. Duration 3119 ms by bot id=8824105826
2026-09-26 17:06:44,766 [INFO] aiogram.event: Update id=82901894 is handled. Duration 4255 ms by bot id=8824105826
2026-09-26 17:06:47,984 [INFO] aiogram.event: Update id=82901896 is handled. Duration 5 ms by bot id=8824105826
2026-09-26 17:06:55,310 [INFO] aiogram.event: Update id=82901895 is handled. Duration 13498 ms by bot id=8824105826
2026-09-26 17:06:58,990 [INFO] aiogram.event: Update id=82901897 is handled. Duration 3679 ms by bot id=8824105826
2026-09-26 17:07:02,445 [INFO] aiogram.event: Update id=82901898 is handled. Duration 3109 ms by bot id=8824105826
2026-09-26 17:07:11,944 [INFO] united_dialog: archive: pushed to web
2026-09-26 17:07:20,818 [INFO] aiogram.event: Update id=82901899 is handled. Duration 19 ms by bot id=8824105826
2026-09-26 17:07:22,118 [INFO] aiogram.event: Update id=82901900 is handled. Duration 19 ms by bot id=8824105826
2026-09-26 17:07:31,829 [INFO] aiogram.event: Update id=82901901 is not handled. Duration 27 ms by bot id=8824105826
2026-09-26 17:07:36,967 [INFO] aiogram.event: Update id=82901902 is not handled. Duration 25 ms by bot id=8824105826
2026-09-26 17:07:39,002 [INFO] aiogram.event: Update id=82901903 is not handled. Duration 20 ms by bot id=8824105826
2026-09-26 17:07:46,985 [INFO] aiogram.event: Update id=82901904 is not handled. Duration 21 ms by bot id=8824105826
2026-09-26 17:07:50,800 [INFO] aiogram.event: Update id=82901905 is handled. Duration 308 ms by bot id=8824105826
2026-09-26 17:07:51,953 [INFO] aiogram.event: Update id=82901906 is handled. Duration 18 ms by bot id=8824105826
2026-09-26 17:07:57,612 [INFO] aiogram.event: Update id=82901907 is not handled. Duration 26 ms by bot id=8824105826
2026-09-26 17:07:58,025 [INFO] aiogram.event: Update id=82901908 is handled. Duration 19 ms by bot id=8824105826
2026-09-26 17:07:58,806 [INFO] aiogram.event: Update id=82901909 is handled. Duration 18 ms by bot id=8824105826
2026-09-26 17:08:01,060 [INFO] aiogram.event: Update id=82901910 is not handled. Duration 25 ms by bot id=8824105826
2026-09-26 17:08:05,016 [INFO] aiogram.event: Update id=82901911 is handled. Duration 286 ms by bot id=8824105826
2026-09-26 17:08:12,496 [INFO] aiogram.event: Update id=82901912 is handled. Duration 603 ms by bot id=8824105826
2026-09-26 17:08:16,770 [INFO] aiogram.event: Update id=82901913 is not handled. Duration 6 ms by bot id=8824105826
2026-09-26 17:08:20,190 [INFO] aiogram.event: Update id=82901914 is handled. Duration 516 ms by bot id=8824105826
2026-09-26 17:08:22,555 [INFO] aiogram.event: Update id=82901915 is handled. Duration 423 ms by bot id=8824105826
2026-09-26 17:10:13,476 [INFO] united_dialog: archive: Готово: 14 архивов
2026-09-26 17:10:31,416 [WARNING] aiogram.dispatcher: Received SIGINT signal
2026-09-26 17:10:31,419 [INFO] aiogram.dispatcher: Polling stopped for bot @UnitedDialogBot id=8824105826 - 'United Dialog'
2026-09-26 17:10:31,419 [INFO] aiogram.dispatcher: Polling stopped
2026-09-26 17:10:31,423 [WARNING] united_dialog: web push failed: 
2026-09-26 17:11:35,326 [INFO] united_dialog: United Dialog запущен.
2026-09-26 17:11:35,327 [INFO] aiogram.dispatcher: Start polling
2026-09-26 17:11:35,428 [INFO] aiogram.dispatcher: Run polling for bot @UnitedDialogBot id=8824105826 - 'United Dialog'
2026-09-26 17:11:42,495 [INFO] united_dialog: archive: Готово: 14 архивов
2026-09-26 17:12:18,131 [WARNING] aiogram.dispatcher: Received SIGINT signal
2026-09-26 17:12:18,136 [INFO] aiogram.dispatcher: Polling stopped for bot @UnitedDialogBot id=8824105826 - 'United Dialog'
2026-09-26 17:12:18,136 [INFO] aiogram.dispatcher: Polling stopped
2026-09-26 17:12:18,141 [WARNING] united_dialog: web push failed: 
2026-09-26 17:14:03,145 [INFO] united_dialog: United Dialog запущен.
2026-09-26 17:14:03,147 [INFO] aiogram.dispatcher: Start polling
2026-09-26 17:14:03,226 [INFO] aiogram.dispatcher: Run polling for bot @UnitedDialogBot id=8824105826 - 'United Dialog'
2026-09-26 17:14:09,717 [INFO] united_dialog: archive: Готово: 14 архивов
2026-09-26 17:14:14,353 [INFO] aiogram.event: Update id=82901916 is handled. Duration 310 ms by bot id=8824105826
2026-09-26 17:14:43,206 [INFO] aiogram.event: Update id=82901917 is handled. Duration 2233 ms by bot id=8824105826
2026-09-26 17:14:47,733 [INFO] aiogram.event: Update id=82901918 is handled. Duration 510 ms by bot id=8824105826
2026-09-26 17:14:50,216 [INFO] united_dialog: archive: pushed to web
2026-09-26 17:14:59,188 [INFO] aiogram.event: Update id=82901919 is handled. Duration 508 ms by bot id=8824105826
2026-09-26 17:15:03,906 [INFO] aiogram.event: Update id=82901920 is handled. Duration 211 ms by bot id=8824105826
2026-09-26 17:16:31,728 [WARNING] aiogram.dispatcher: Received SIGINT signal
2026-09-26 17:16:31,733 [INFO] aiogram.dispatcher: Polling stopped for bot @UnitedDialogBot id=8824105826 - 'United Dialog'
2026-09-26 17:16:31,733 [INFO] aiogram.dispatcher: Polling stopped
2026-09-26 17:16:53,270 [INFO] united_dialog: United Dialog запущен.
2026-09-26 17:16:53,271 [INFO] aiogram.dispatcher: Start polling
2026-09-26 17:16:53,361 [INFO] aiogram.dispatcher: Run polling for bot @UnitedDialogBot id=8824105826 - 'United Dialog'
2026-09-26 17:16:59,520 [INFO] united_dialog: archive: Готово: 14 архивов
2026-09-26 17:17:47,416 [INFO] united_dialog: archive: pushed to web
2026-09-26 17:19:34,864 [WARNING] aiogram.dispatcher: Received SIGINT signal
2026-09-26 17:19:34,868 [INFO] aiogram.dispatcher: Polling stopped for bot @UnitedDialogBot id=8824105826 - 'United Dialog'
2026-09-26 17:19:34,868 [INFO] aiogram.dispatcher: Polling stopped
2026-09-26 17:20:45,669 [INFO] united_dialog: United Dialog запущен.
2026-09-26 17:20:45,671 [INFO] aiogram.dispatcher: Start polling
2026-09-26 17:20:46,217 [INFO] aiogram.dispatcher: Run polling for bot @UnitedDialogBot id=8824105826 - 'United Dialog'
2026-09-26 17:20:46,601 [INFO] aiogram.event: Update id=82901921 is handled. Duration 289 ms by bot id=8824105826
2026-09-26 17:20:51,932 [INFO] united_dialog: archive: Готово: 14 архивов
2026-09-26 17:21:01,896 [INFO] aiogram.event: Update id=82901922 is handled. Duration 525 ms by bot id=8824105826
2026-09-26 17:21:11,083 [INFO] aiogram.event: Update id=82901923 is not handled. Duration 4 ms by bot id=8824105826
2026-09-26 17:21:38,121 [INFO] aiogram.event: Update id=82901924 is handled. Duration 4 ms by bot id=8824105826
2026-09-26 17:22:02,212 [INFO] aiogram.event: Update id=82901925 is handled. Duration 1284 ms by bot id=8824105826
2026-09-26 17:22:16,965 [INFO] aiogram.event: Update id=82901926 is handled. Duration 3548 ms by bot id=8824105826
2026-09-26 17:22:29,498 [INFO] united_dialog: archive: pushed to web
2026-09-26 17:22:35,847 [INFO] aiogram.event: Update id=82901927 is handled. Duration 160 ms by bot id=8824105826
2026-09-26 17:22:54,209 [INFO] aiogram.event: Update id=82901928 is handled. Duration 5 ms by bot id=8824105826
2026-09-26 17:22:55,124 [INFO] aiogram.event: Update id=82901929 is handled. Duration 154 ms by bot id=8824105826
2026-09-26 17:22:57,324 [INFO] aiogram.event: Update id=82901930 is handled. Duration 384 ms by bot id=8824105826
2026-09-26 17:23:51,956 [INFO] aiogram.event: Update id=82901931 is handled. Duration 815 ms by bot id=8824105826
2026-09-26 17:24:00,245 [INFO] aiogram.event: Update id=82901932 is handled. Duration 446 ms by bot id=8824105826
2026-09-26 17:24:04,837 [INFO] aiogram.event: Update id=82901933 is handled. Duration 1000 ms by bot id=8824105826
2026-09-26 17:24:05,994 [INFO] aiogram.event: Update id=82901934 is handled. Duration 308 ms by bot id=8824105826
2026-09-26 17:24:07,587 [INFO] aiogram.event: Update id=82901935 is not handled. Duration 11 ms by bot id=8824105826
2026-09-26 17:24:14,074 [INFO] aiogram.event: Update id=82901936 is not handled. Duration 14 ms by bot id=8824105826
2026-09-26 17:24:20,486 [INFO] aiogram.event: Update id=82901937 is not handled. Duration 20 ms by bot id=8824105826
2026-09-26 17:24:38,486 [INFO] aiogram.event: Update id=82901938 is handled. Duration 145 ms by bot id=8824105826
2026-09-26 17:24:40,387 [INFO] aiogram.event: Update id=82901939 is handled. Duration 407 ms by bot id=8824105826
2026-09-26 17:24:44,485 [INFO] aiogram.event: Update id=82901940 is handled. Duration 19 ms by bot id=8824105826
2026-09-26 17:24:45,196 [INFO] aiogram.event: Update id=82901941 is handled. Duration 299 ms by bot id=8824105826
2026-09-26 17:24:49,119 [INFO] aiogram.event: Update id=82901942 is handled. Duration 21 ms by bot id=8824105826
2026-09-26 17:24:49,378 [INFO] aiogram.event: Update id=82901943 is handled. Duration 23 ms by bot id=8824105826
2026-09-26 17:24:51,380 [INFO] aiogram.event: Update id=82901944 is handled. Duration 859 ms by bot id=8824105826
2026-09-26 17:24:51,610 [INFO] united_dialog: [media ↓] 579384 → jpg
2026-09-26 17:24:53,175 [INFO] aiogram.event: Update id=82901945 is handled. Duration 467 ms by bot id=8824105826
2026-09-26 17:25:00,860 [INFO] aiogram.event: Update id=82901946 is handled. Duration 19 ms by bot id=8824105826
2026-09-26 17:25:02,524 [INFO] aiogram.event: Update id=82901947 is handled. Duration 19 ms by bot id=8824105826
2026-09-26 17:25:03,547 [INFO] aiogram.event: Update id=82901948 is handled. Duration 17 ms by bot id=8824105826
2026-09-26 17:25:08,574 [INFO] aiogram.event: Update id=82901949 is not handled. Duration 25 ms by bot id=8824105826
2026-09-26 17:25:10,411 [INFO] aiogram.event: Update id=82901950 is not handled. Duration 21 ms by bot id=8824105826
2026-09-26 17:25:12,485 [INFO] aiogram.event: Update id=82901951 is not handled. Duration 20 ms by bot id=8824105826
2026-09-26 17:25:14,204 [INFO] aiogram.event: Update id=82901952 is not handled. Duration 26 ms by bot id=8824105826
2026-09-26 17:25:15,736 [INFO] aiogram.event: Update id=82901953 is handled. Duration 18 ms by bot id=8824105826
2026-09-26 17:25:18,952 [INFO] aiogram.event: Update id=82901954 is not handled. Duration 28 ms by bot id=8824105826
2026-09-26 17:25:20,785 [INFO] aiogram.event: Update id=82901955 is not handled. Duration 20 ms by bot id=8824105826
2026-09-26 17:25:21,160 [INFO] aiogram.event: Update id=82901956 is handled. Duration 21 ms by bot id=8824105826
2026-09-26 17:25:23,437 [INFO] aiogram.event: Update id=82901957 is handled. Duration 43 ms by bot id=8824105826
2026-09-26 17:25:23,825 [INFO] aiogram.event: Update id=82901958 is not handled. Duration 21 ms by bot id=8824105826
2026-09-26 17:25:26,911 [INFO] aiogram.event: Update id=82901959 is not handled. Duration 36 ms by bot id=8824105826
2026-09-26 17:25:29,190 [INFO] aiogram.event: Update id=82901960 is handled. Duration 18 ms by bot id=8824105826
2026-09-26 17:25:29,506 [INFO] aiogram.event: Update id=82901961 is not handled. Duration 21 ms by bot id=8824105826
2026-09-26 17:25:32,800 [INFO] aiogram.event: Update id=82901962 is handled. Duration 20 ms by bot id=8824105826
2026-09-26 17:25:33,420 [INFO] aiogram.event: Update id=82901963 is not handled. Duration 21 ms by bot id=8824105826
2026-09-26 17:25:33,769 [INFO] united_dialog: [media] всего скачано за прогон: 1
2026-09-26 17:25:34,943 [INFO] aiogram.event: Update id=82901964 is not handled. Duration 9 ms by bot id=8824105826
2026-09-26 17:25:35,235 [INFO] united_dialog: archive: Готово: 14 архивов
2026-09-26 17:25:36,531 [INFO] aiogram.event: Update id=82901965 is not handled. Duration 40 ms by bot id=8824105826
2026-09-26 17:25:40,140 [INFO] aiogram.event: Update id=82901966 is handled. Duration 14 ms by bot id=8824105826
2026-09-26 17:27:29,488 [INFO] aiogram.event: Update id=82901967 is not handled. Duration 15 ms by bot id=8824105826
2026-09-26 17:27:35,815 [INFO] united_dialog: archive: pushed to web
2026-09-26 17:28:11,594 [WARNING] aiogram.dispatcher: Received SIGINT signal
2026-09-26 17:28:11,596 [INFO] aiogram.dispatcher: Polling stopped for bot @UnitedDialogBot id=8824105826 - 'United Dialog'
2026-09-26 17:28:11,599 [INFO] aiogram.dispatcher: Polling stopped
2026-09-26 18:03:25,846 [INFO] united_dialog: United Dialog запущен.
2026-09-26 18:03:25,847 [INFO] aiogram.dispatcher: Start polling
2026-09-26 18:03:25,948 [INFO] aiogram.dispatcher: Run polling for bot @UnitedDialogBot id=8824105826 - 'United Dialog'
2026-09-26 18:03:26,087 [INFO] aiogram.event: Update id=82901968 is not handled. Duration 22 ms by bot id=8824105826
2026-09-26 18:03:26,430 [INFO] aiogram.event: Update id=82901969 is handled. Duration 342 ms by bot id=8824105826
2026-09-26 18:03:26,526 [INFO] united_dialog: [media ↓] 579411 → webp
2026-09-26 18:03:30,842 [INFO] united_dialog: [media] всего скачано за прогон: 1
2026-09-26 18:03:32,337 [INFO] united_dialog: archive: Готово: 14 архивов
2026-09-26 18:04:03,596 [INFO] united_dialog: archive: pushed to web
2026-09-26 18:04:20,861 [INFO] aiogram.event: Update id=82901970 is handled. Duration 446 ms by bot id=8824105826
2026-09-26 18:07:05,139 [INFO] united_dialog: archive: Готово: 14 архивов
2026-09-26 18:08:00,546 [INFO] united_dialog: archive: pushed to web
2026-09-26 18:11:02,158 [INFO] united_dialog: archive: Готово: 14 архивов
2026-09-27 17:59:24,701 [INFO] united_dialog: United Dialog запущен.
2026-09-27 17:59:24,703 [INFO] aiogram.dispatcher: Start polling
2026-09-27 17:59:24,788 [INFO] aiogram.dispatcher: Run polling for bot @UnitedDialogBot id=8824105826 - 'United Dialog'
2026-09-27 17:59:25,109 [INFO] aiogram.event: Update id=82901986 is not handled. Duration 18 ms by bot id=8824105826
2026-09-27 17:59:25,127 [INFO] aiogram.event: Update id=82901987 is not handled. Duration 18 ms by bot id=8824105826
2026-09-27 17:59:25,143 [INFO] aiogram.event: Update id=82901988 is not handled. Duration 14 ms by bot id=8824105826
2026-09-27 17:59:25,161 [INFO] aiogram.event: Update id=82901989 is not handled. Duration 17 ms by bot id=8824105826
2026-09-27 17:59:25,180 [INFO] aiogram.event: Update id=82901990 is not handled. Duration 19 ms by bot id=8824105826
2026-09-27 17:59:25,193 [INFO] aiogram.event: Update id=82901991 is handled. Duration 11 ms by bot id=8824105826
2026-09-27 17:59:25,212 [INFO] aiogram.event: Update id=82901992 is not handled. Duration 19 ms by bot id=8824105826
2026-09-27 17:59:25,234 [INFO] aiogram.event: Update id=82901993 is not handled. Duration 21 ms by bot id=8824105826
2026-09-27 17:59:25,248 [INFO] aiogram.event: Update id=82901994 is handled. Duration 12 ms by bot id=8824105826
2026-09-27 17:59:25,269 [INFO] aiogram.event: Update id=82901995 is not handled. Duration 20 ms by bot id=8824105826
2026-09-27 17:59:25,283 [INFO] aiogram.event: Update id=82901996 is handled. Duration 13 ms by bot id=8824105826
2026-09-27 17:59:25,301 [INFO] aiogram.event: Update id=82901997 is not handled. Duration 17 ms by bot id=8824105826
2026-09-27 17:59:25,319 [INFO] aiogram.event: Update id=82901998 is not handled. Duration 17 ms by bot id=8824105826
2026-09-27 17:59:25,331 [INFO] aiogram.event: Update id=82901999 is handled. Duration 11 ms by bot id=8824105826
2026-09-27 17:59:25,347 [INFO] aiogram.event: Update id=82902000 is not handled. Duration 16 ms by bot id=8824105826
2026-09-27 17:59:25,372 [INFO] aiogram.event: Update id=82902001 is not handled. Duration 21 ms by bot id=8824105826
2026-09-27 17:59:25,397 [INFO] aiogram.event: Update id=82902002 is handled. Duration 23 ms by bot id=8824105826
2026-09-27 17:59:25,430 [INFO] aiogram.event: Update id=82902003 is not handled. Duration 31 ms by bot id=8824105826
2026-09-27 17:59:25,453 [INFO] aiogram.event: Update id=82902004 is handled. Duration 20 ms by bot id=8824105826
2026-09-27 17:59:25,478 [INFO] aiogram.event: Update id=82902005 is not handled. Duration 24 ms by bot id=8824105826
2026-09-27 17:59:25,507 [INFO] aiogram.event: Update id=82902006 is not handled. Duration 28 ms by bot id=8824105826
2026-09-27 17:59:25,533 [INFO] aiogram.event: Update id=82902007 is handled. Duration 24 ms by bot id=8824105826
2026-09-27 17:59:25,599 [INFO] aiogram.event: Update id=82902009 is not handled. Duration 21 ms by bot id=8824105826
2026-09-27 17:59:25,638 [INFO] aiogram.event: Update id=82902011 is handled. Duration 15 ms by bot id=8824105826
2026-09-27 17:59:25,652 [INFO] aiogram.event: Update id=82902012 is handled. Duration 13 ms by bot id=8824105826
2026-09-27 17:59:25,674 [INFO] aiogram.event: Update id=82902013 is handled. Duration 21 ms by bot id=8824105826
2026-09-27 17:59:25,694 [INFO] aiogram.event: Update id=82902014 is not handled. Duration 19 ms by bot id=8824105826
2026-09-27 17:59:25,713 [INFO] aiogram.event: Update id=82902015 is not handled. Duration 18 ms by bot id=8824105826
2026-09-27 17:59:25,732 [INFO] aiogram.event: Update id=82902016 is not handled. Duration 18 ms by bot id=8824105826
2026-09-27 17:59:25,746 [INFO] aiogram.event: Update id=82902017 is handled. Duration 13 ms by bot id=8824105826
2026-09-27 17:59:25,762 [INFO] aiogram.event: Update id=82902018 is not handled. Duration 15 ms by bot id=8824105826
2026-09-27 17:59:25,774 [INFO] aiogram.event: Update id=82902019 is handled. Duration 12 ms by bot id=8824105826
2026-09-27 17:59:25,796 [INFO] aiogram.event: Update id=82902020 is not handled. Duration 20 ms by bot id=8824105826
2026-09-27 17:59:25,812 [INFO] aiogram.event: Update id=82902021 is handled. Duration 14 ms by bot id=8824105826
2026-09-27 17:59:25,835 [INFO] aiogram.event: Update id=82902022 is not handled. Duration 21 ms by bot id=8824105826
2026-09-27 17:59:25,848 [INFO] aiogram.event: Update id=82902023 is handled. Duration 13 ms by bot id=8824105826
2026-09-27 17:59:25,869 [INFO] aiogram.event: Update id=82902024 is handled. Duration 20 ms by bot id=8824105826
2026-09-27 17:59:25,882 [INFO] aiogram.event: Update id=82902025 is handled. Duration 12 ms by bot id=8824105826
2026-09-27 17:59:25,901 [INFO] aiogram.event: Update id=82902026 is handled. Duration 18 ms by bot id=8824105826
2026-09-27 17:59:25,919 [INFO] aiogram.event: Update id=82902027 is handled. Duration 18 ms by bot id=8824105826
2026-09-27 17:59:25,937 [INFO] aiogram.event: Update id=82902028 is not handled. Duration 17 ms by bot id=8824105826
2026-09-27 17:59:25,953 [INFO] aiogram.event: Update id=82902029 is handled. Duration 13 ms by bot id=8824105826
2026-09-27 17:59:25,968 [INFO] aiogram.event: Update id=82902030 is handled. Duration 14 ms by bot id=8824105826
2026-09-27 17:59:25,987 [INFO] aiogram.event: Update id=82902031 is not handled. Duration 18 ms by bot id=8824105826
2026-09-27 17:59:26,003 [INFO] aiogram.event: Update id=82902032 is not handled. Duration 16 ms by bot id=8824105826
2026-09-27 17:59:26,021 [INFO] aiogram.event: Update id=82902033 is not handled. Duration 17 ms by bot id=8824105826
2026-09-27 17:59:26,046 [INFO] aiogram.event: Update id=82902034 is handled. Duration 24 ms by bot id=8824105826
2026-09-27 17:59:26,067 [INFO] aiogram.event: Update id=82902035 is handled. Duration 20 ms by bot id=8824105826
2026-09-27 17:59:26,087 [INFO] aiogram.event: Update id=82902036 is not handled. Duration 18 ms by bot id=8824105826
2026-09-27 17:59:26,113 [INFO] aiogram.event: Update id=82902037 is not handled. Duration 25 ms by bot id=8824105826
2026-09-27 17:59:26,140 [INFO] aiogram.event: Update id=82902038 is handled. Duration 27 ms by bot id=8824105826
2026-09-27 17:59:26,167 [INFO] aiogram.event: Update id=82902039 is not handled. Duration 25 ms by bot id=8824105826
2026-09-27 17:59:26,198 [INFO] aiogram.event: Update id=82902040 is handled. Duration 30 ms by bot id=8824105826
2026-09-27 17:59:26,214 [INFO] aiogram.event: Update id=82902041 is handled. Duration 15 ms by bot id=8824105826
2026-09-27 17:59:26,233 [INFO] aiogram.event: Update id=82902042 is handled. Duration 18 ms by bot id=8824105826
2026-09-27 17:59:26,260 [INFO] aiogram.event: Update id=82902043 is not handled. Duration 26 ms by bot id=8824105826
2026-09-27 17:59:26,306 [INFO] aiogram.event: Update id=82902044 is not handled. Duration 45 ms by bot id=8824105826
2026-09-27 17:59:26,337 [INFO] aiogram.event: Update id=82902045 is not handled. Duration 24 ms by bot id=8824105826
2026-09-27 17:59:26,358 [INFO] aiogram.event: Update id=82902046 is handled. Duration 20 ms by bot id=8824105826
2026-09-27 17:59:26,379 [INFO] aiogram.event: Update id=82902047 is not handled. Duration 20 ms by bot id=8824105826
2026-09-27 17:59:26,402 [INFO] aiogram.event: Update id=82902048 is not handled. Duration 22 ms by bot id=8824105826
2026-09-27 17:59:26,428 [INFO] aiogram.event: Update id=82902049 is not handled. Duration 26 ms by bot id=8824105826
2026-09-27 17:59:26,449 [INFO] aiogram.event: Update id=82902050 is handled. Duration 19 ms by bot id=8824105826
2026-09-27 17:59:26,473 [INFO] aiogram.event: Update id=82902051 is not handled. Duration 24 ms by bot id=8824105826
2026-09-27 17:59:26,512 [INFO] aiogram.event: Update id=82902052 is handled. Duration 38 ms by bot id=8824105826
2026-09-27 17:59:26,545 [INFO] aiogram.event: Update id=82902053 is handled. Duration 31 ms by bot id=8824105826
2026-09-27 17:59:26,586 [INFO] aiogram.event: Update id=82902054 is not handled. Duration 40 ms by bot id=8824105826
2026-09-27 17:59:26,634 [INFO] aiogram.event: Update id=82902055 is not handled. Duration 47 ms by bot id=8824105826
2026-09-27 17:59:26,694 [INFO] aiogram.event: Update id=82902056 is not handled. Duration 59 ms by bot id=8824105826
2026-09-27 17:59:26,723 [INFO] aiogram.event: Update id=82902057 is handled. Duration 29 ms by bot id=8824105826
2026-09-27 17:59:26,748 [INFO] aiogram.event: Update id=82902058 is handled. Duration 23 ms by bot id=8824105826
2026-09-27 17:59:26,775 [INFO] aiogram.event: Update id=82902059 is not handled. Duration 25 ms by bot id=8824105826
2026-09-27 17:59:26,813 [INFO] aiogram.event: Update id=82902060 is not handled. Duration 38 ms by bot id=8824105826
2026-09-27 17:59:26,840 [INFO] aiogram.event: Update id=82902061 is not handled. Duration 25 ms by bot id=8824105826
2026-09-27 17:59:26,864 [INFO] aiogram.event: Update id=82902062 is not handled. Duration 22 ms by bot id=8824105826
2026-09-27 17:59:26,878 [INFO] aiogram.event: Update id=82902063 is handled. Duration 13 ms by bot id=8824105826
2026-09-27 17:59:26,894 [INFO] aiogram.event: Update id=82902064 is handled. Duration 14 ms by bot id=8824105826
2026-09-27 17:59:26,916 [INFO] aiogram.event: Update id=82902065 is handled. Duration 21 ms by bot id=8824105826
2026-09-27 17:59:26,940 [INFO] aiogram.event: Update id=82902066 is handled. Duration 21 ms by bot id=8824105826
2026-09-27 17:59:26,971 [INFO] aiogram.event: Update id=82902067 is not handled. Duration 29 ms by bot id=8824105826
2026-09-27 17:59:26,994 [INFO] aiogram.event: Update id=82902068 is handled. Duration 22 ms by bot id=8824105826
2026-09-27 17:59:27,016 [INFO] aiogram.event: Update id=82902069 is not handled. Duration 20 ms by bot id=8824105826
2026-09-27 17:59:27,039 [INFO] aiogram.event: Update id=82902070 is handled. Duration 21 ms by bot id=8824105826
2026-09-27 17:59:27,062 [INFO] aiogram.event: Update id=82902071 is not handled. Duration 22 ms by bot id=8824105826
2026-09-27 17:59:27,091 [INFO] aiogram.event: Update id=82902072 is handled. Duration 28 ms by bot id=8824105826
2026-09-27 17:59:27,123 [INFO] aiogram.event: Update id=82902073 is not handled. Duration 31 ms by bot id=8824105826
2026-09-27 17:59:27,144 [INFO] aiogram.event: Update id=82902074 is not handled. Duration 20 ms by bot id=8824105826
2026-09-27 17:59:27,161 [INFO] aiogram.event: Update id=82902075 is handled. Duration 16 ms by bot id=8824105826
2026-09-27 17:59:27,192 [INFO] aiogram.event: Update id=82902076 is not handled. Duration 29 ms by bot id=8824105826
2026-09-27 17:59:27,226 [INFO] aiogram.event: Update id=82902077 is not handled. Duration 33 ms by bot id=8824105826
2026-09-27 17:59:27,256 [INFO] aiogram.event: Update id=82902078 is not handled. Duration 28 ms by bot id=8824105826
2026-09-27 17:59:27,278 [INFO] aiogram.event: Update id=82902079 is handled. Duration 21 ms by bot id=8824105826
2026-09-27 17:59:27,323 [INFO] aiogram.event: Update id=82902080 is not handled. Duration 44 ms by bot id=8824105826
2026-09-27 17:59:27,342 [INFO] aiogram.event: Update id=82902081 is handled. Duration 18 ms by bot id=8824105826
2026-09-27 17:59:27,369 [INFO] aiogram.event: Update id=82902082 is handled. Duration 25 ms by bot id=8824105826
2026-09-27 17:59:27,388 [INFO] aiogram.event: Update id=82902083 is not handled. Duration 18 ms by bot id=8824105826
2026-09-27 17:59:27,407 [INFO] aiogram.event: Update id=82902084 is not handled. Duration 18 ms by bot id=8824105826
2026-09-27 17:59:27,436 [INFO] aiogram.event: Update id=82902085 is handled. Duration 26 ms by bot id=8824105826
2026-09-27 17:59:27,532 [INFO] aiogram.event: Update id=82902086 is handled. Duration 21 ms by bot id=8824105826
2026-09-27 17:59:27,552 [INFO] aiogram.event: Update id=82902087 is not handled. Duration 18 ms by bot id=8824105826
2026-09-27 17:59:27,570 [INFO] aiogram.event: Update id=82902088 is not handled. Duration 18 ms by bot id=8824105826
2026-09-27 17:59:27,586 [INFO] aiogram.event: Update id=82902089 is handled. Duration 15 ms by bot id=8824105826
2026-09-27 17:59:27,604 [INFO] aiogram.event: Update id=82902090 is not handled. Duration 17 ms by bot id=8824105826
2026-09-27 17:59:27,622 [INFO] aiogram.event: Update id=82902091 is handled. Duration 17 ms by bot id=8824105826
2026-09-27 17:59:27,642 [INFO] aiogram.event: Update id=82902092 is not handled. Duration 18 ms by bot id=8824105826
2026-09-27 17:59:27,670 [INFO] aiogram.event: Update id=82902093 is handled. Duration 25 ms by bot id=8824105826
2026-09-27 17:59:27,744 [INFO] aiogram.event: Update id=82902094 is not handled. Duration 73 ms by bot id=8824105826
2026-09-27 17:59:27,780 [INFO] aiogram.event: Update id=82902095 is handled. Duration 33 ms by bot id=8824105826
2026-09-27 17:59:27,824 [INFO] aiogram.event: Update id=82902096 is not handled. Duration 43 ms by bot id=8824105826
2026-09-27 17:59:27,841 [INFO] aiogram.event: Update id=82902097 is handled. Duration 16 ms by bot id=8824105826
2026-09-27 17:59:27,860 [INFO] aiogram.event: Update id=82902098 is not handled. Duration 18 ms by bot id=8824105826
2026-09-27 17:59:27,880 [INFO] aiogram.event: Update id=82902099 is not handled. Duration 19 ms by bot id=8824105826
2026-09-27 17:59:27,898 [INFO] aiogram.event: Update id=82902100 is not handled. Duration 17 ms by bot id=8824105826
2026-09-27 17:59:27,916 [INFO] aiogram.event: Update id=82902101 is handled. Duration 17 ms by bot id=8824105826
2026-09-27 17:59:27,930 [INFO] aiogram.event: Update id=82902102 is handled. Duration 13 ms by bot id=8824105826
2026-09-27 17:59:27,950 [INFO] aiogram.event: Update id=82902103 is not handled. Duration 18 ms by bot id=8824105826
2026-09-27 17:59:27,967 [INFO] aiogram.event: Update id=82902104 is not handled. Duration 16 ms by bot id=8824105826
2026-09-27 17:59:27,991 [INFO] aiogram.event: Update id=82902105 is not handled. Duration 23 ms by bot id=8824105826
2026-09-27 17:59:28,008 [INFO] aiogram.event: Update id=82902106 is handled. Duration 17 ms by bot id=8824105826
2026-09-27 17:59:28,028 [INFO] aiogram.event: Update id=82902107 is not handled. Duration 18 ms by bot id=8824105826
2026-09-27 17:59:28,046 [INFO] aiogram.event: Update id=82902108 is not handled. Duration 18 ms by bot id=8824105826
2026-09-27 17:59:28,065 [INFO] aiogram.event: Update id=82902109 is not handled. Duration 17 ms by bot id=8824105826
2026-09-27 17:59:28,078 [INFO] aiogram.event: Update id=82902110 is handled. Duration 12 ms by bot id=8824105826
2026-09-27 17:59:28,096 [INFO] aiogram.event: Update id=82902111 is handled. Duration 16 ms by bot id=8824105826
2026-09-27 17:59:28,118 [INFO] aiogram.event: Update id=82902112 is not handled. Duration 22 ms by bot id=8824105826
2026-09-27 17:59:28,141 [INFO] aiogram.event: Update id=82902113 is not handled. Duration 23 ms by bot id=8824105826
2026-09-27 17:59:28,161 [INFO] aiogram.event: Update id=82902114 is not handled. Duration 19 ms by bot id=8824105826
2026-09-27 17:59:28,177 [INFO] aiogram.event: Update id=82902115 is handled. Duration 15 ms by bot id=8824105826
2026-09-27 17:59:28,198 [INFO] aiogram.event: Update id=82902116 is handled. Duration 18 ms by bot id=8824105826
2026-09-27 17:59:28,217 [INFO] aiogram.event: Update id=82902117 is handled. Duration 18 ms by bot id=8824105826
2026-09-27 17:59:28,235 [INFO] aiogram.event: Update id=82902118 is handled. Duration 17 ms by bot id=8824105826
2026-09-27 17:59:28,251 [INFO] aiogram.event: Update id=82902119 is handled. Duration 14 ms by bot id=8824105826
2026-09-27 17:59:28,278 [INFO] aiogram.event: Update id=82902120 is not handled. Duration 26 ms by bot id=8824105826
2026-09-27 17:59:28,303 [INFO] aiogram.event: Update id=82902121 is not handled. Duration 24 ms by bot id=8824105826
2026-09-27 17:59:28,325 [INFO] aiogram.event: Update id=82902122 is handled. Duration 21 ms by bot id=8824105826
2026-09-27 17:59:28,352 [INFO] aiogram.event: Update id=82902123 is not handled. Duration 26 ms by bot id=8824105826
2026-09-27 17:59:28,371 [INFO] aiogram.event: Update id=82902124 is handled. Duration 19 ms by bot id=8824105826
2026-09-27 17:59:28,391 [INFO] aiogram.event: Update id=82902125 is handled. Duration 19 ms by bot id=8824105826
2026-09-27 17:59:28,414 [INFO] aiogram.event: Update id=82902126 is not handled. Duration 22 ms by bot id=8824105826
2026-09-27 17:59:28,436 [INFO] aiogram.event: Update id=82902127 is not handled. Duration 20 ms by bot id=8824105826
2026-09-27 17:59:28,453 [INFO] aiogram.event: Update id=82902128 is handled. Duration 16 ms by bot id=8824105826
2026-09-27 17:59:28,469 [INFO] aiogram.event: Update id=82902129 is handled. Duration 15 ms by bot id=8824105826
2026-09-27 17:59:28,488 [INFO] aiogram.event: Update id=82902130 is not handled. Duration 18 ms by bot id=8824105826
2026-09-27 17:59:28,506 [INFO] aiogram.event: Update id=82902131 is handled. Duration 17 ms by bot id=8824105826
2026-09-27 17:59:28,524 [INFO] aiogram.event: Update id=82902132 is handled. Duration 17 ms by bot id=8824105826
2026-09-27 17:59:28,543 [INFO] aiogram.event: Update id=82902133 is not handled. Duration 18 ms by bot id=8824105826
2026-09-27 17:59:28,563 [INFO] aiogram.event: Update id=82902134 is not handled. Duration 19 ms by bot id=8824105826
2026-09-27 17:59:28,580 [INFO] aiogram.event: Update id=82902135 is handled. Duration 16 ms by bot id=8824105826
2026-09-27 17:59:28,594 [INFO] aiogram.event: Update id=82902136 is handled. Duration 13 ms by bot id=8824105826
2026-09-27 17:59:28,615 [INFO] aiogram.event: Update id=82902137 is not handled. Duration 19 ms by bot id=8824105826
2026-09-27 17:59:28,632 [INFO] aiogram.event: Update id=82902138 is not handled. Duration 16 ms by bot id=8824105826
2026-09-27 17:59:28,653 [INFO] aiogram.event: Update id=82902139 is not handled. Duration 20 ms by bot id=8824105826
2026-09-27 17:59:28,664 [INFO] aiogram.event: Update id=82902140 is handled. Duration 10 ms by bot id=8824105826
2026-09-27 17:59:28,680 [INFO] aiogram.event: Update id=82902141 is handled. Duration 15 ms by bot id=8824105826
2026-09-27 17:59:28,695 [INFO] aiogram.event: Update id=82902142 is handled. Duration 14 ms by bot id=8824105826
2026-09-27 17:59:28,719 [INFO] aiogram.event: Update id=82902143 is not handled. Duration 23 ms by bot id=8824105826
2026-09-27 17:59:28,741 [INFO] aiogram.event: Update id=82902144 is not handled. Duration 21 ms by bot id=8824105826
2026-09-27 17:59:28,758 [INFO] aiogram.event: Update id=82902145 is not handled. Duration 15 ms by bot id=8824105826
2026-09-27 17:59:28,778 [INFO] aiogram.event: Update id=82902146 is not handled. Duration 20 ms by bot id=8824105826
2026-09-27 17:59:28,794 [INFO] aiogram.event: Update id=82902147 is handled. Duration 14 ms by bot id=8824105826
2026-09-27 17:59:28,813 [INFO] aiogram.event: Update id=82902148 is handled. Duration 18 ms by bot id=8824105826
2026-09-27 17:59:28,830 [INFO] aiogram.event: Update id=82902149 is handled. Duration 16 ms by bot id=8824105826
2026-09-27 17:59:28,851 [INFO] aiogram.event: Update id=82902150 is handled. Duration 19 ms by bot id=8824105826
2026-09-27 17:59:28,872 [INFO] aiogram.event: Update id=82902151 is not handled. Duration 20 ms by bot id=8824105826
2026-09-27 17:59:28,887 [INFO] aiogram.event: Update id=82902152 is handled. Duration 14 ms by bot id=8824105826
2026-09-27 17:59:28,909 [INFO] aiogram.event: Update id=82902153 is not handled. Duration 20 ms by bot id=8824105826
2026-09-27 17:59:28,931 [INFO] aiogram.event: Update id=82902154 is not handled. Duration 21 ms by bot id=8824105826
2026-09-27 17:59:28,950 [INFO] aiogram.event: Update id=82902155 is not handled. Duration 18 ms by bot id=8824105826
2026-09-27 17:59:28,968 [INFO] aiogram.event: Update id=82902156 is not handled. Duration 17 ms by bot id=8824105826
2026-09-27 17:59:28,985 [INFO] aiogram.event: Update id=82902157 is not handled. Duration 17 ms by bot id=8824105826
2026-09-27 17:59:29,002 [INFO] aiogram.event: Update id=82902158 is handled. Duration 15 ms by bot id=8824105826
2026-09-27 17:59:29,021 [INFO] aiogram.event: Update id=82902159 is not handled. Duration 18 ms by bot id=8824105826
2026-09-27 17:59:29,038 [INFO] aiogram.event: Update id=82902160 is not handled. Duration 16 ms by bot id=8824105826
2026-09-27 17:59:29,051 [INFO] aiogram.event: Update id=82902161 is handled. Duration 13 ms by bot id=8824105826
2026-09-27 17:59:29,067 [INFO] aiogram.event: Update id=82902162 is not handled. Duration 15 ms by bot id=8824105826
2026-09-27 17:59:29,084 [INFO] aiogram.event: Update id=82902163 is not handled. Duration 16 ms by bot id=8824105826
2026-09-27 17:59:29,096 [INFO] aiogram.event: Update id=82902164 is handled. Duration 11 ms by bot id=8824105826
2026-09-27 17:59:29,114 [INFO] aiogram.event: Update id=82902165 is not handled. Duration 17 ms by bot id=8824105826
2026-09-27 17:59:29,132 [INFO] aiogram.event: Update id=82902166 is not handled. Duration 17 ms by bot id=8824105826
2026-09-27 17:59:29,149 [INFO] aiogram.event: Update id=82902167 is not handled. Duration 17 ms by bot id=8824105826
2026-09-27 17:59:29,167 [INFO] aiogram.event: Update id=82902168 is not handled. Duration 17 ms by bot id=8824105826
2026-09-27 17:59:29,181 [INFO] aiogram.event: Update id=82902169 is handled. Duration 13 ms by bot id=8824105826
2026-09-27 17:59:29,196 [INFO] aiogram.event: Update id=82902170 is not handled. Duration 15 ms by bot id=8824105826
2026-09-27 17:59:29,209 [INFO] aiogram.event: Update id=82902171 is handled. Duration 12 ms by bot id=8824105826
2026-09-27 17:59:29,227 [INFO] aiogram.event: Update id=82902172 is not handled. Duration 17 ms by bot id=8824105826
2026-09-27 17:59:29,241 [INFO] aiogram.event: Update id=82902173 is handled. Duration 12 ms by bot id=8824105826
2026-09-27 17:59:29,256 [INFO] aiogram.event: Update id=82902174 is not handled. Duration 15 ms by bot id=8824105826
2026-09-27 17:59:29,275 [INFO] aiogram.event: Update id=82902175 is not handled. Duration 18 ms by bot id=8824105826
2026-09-27 17:59:29,291 [INFO] aiogram.event: Update id=82902176 is not handled. Duration 15 ms by bot id=8824105826
2026-09-27 17:59:29,307 [INFO] aiogram.event: Update id=82902177 is not handled. Duration 15 ms by bot id=8824105826
2026-09-27 17:59:29,328 [INFO] aiogram.event: Update id=82902178 is not handled. Duration 20 ms by bot id=8824105826
2026-09-27 17:59:29,341 [INFO] aiogram.event: Update id=82902179 is handled. Duration 12 ms by bot id=8824105826
2026-09-27 17:59:29,358 [INFO] aiogram.event: Update id=82902180 is not handled. Duration 16 ms by bot id=8824105826
2026-09-27 17:59:29,375 [INFO] aiogram.event: Update id=82902181 is not handled. Duration 17 ms by bot id=8824105826
2026-09-27 17:59:29,390 [INFO] aiogram.event: Update id=82902182 is handled. Duration 14 ms by bot id=8824105826
2026-09-27 17:59:29,406 [INFO] aiogram.event: Update id=82902183 is not handled. Duration 15 ms by bot id=8824105826
2026-09-27 17:59:29,420 [INFO] aiogram.event: Update id=82902184 is handled. Duration 12 ms by bot id=8824105826
2026-09-27 17:59:29,435 [INFO] aiogram.event: Update id=82902185 is not handled. Duration 14 ms by bot id=8824105826
2026-09-27 17:59:29,539 [INFO] aiogram.event: Update id=82902186 is handled. Duration 13 ms by bot id=8824105826
2026-09-27 17:59:29,552 [INFO] aiogram.event: Update id=82902187 is handled. Duration 12 ms by bot id=8824105826
2026-09-27 17:59:29,570 [INFO] aiogram.event: Update id=82902188 is not handled. Duration 17 ms by bot id=8824105826
2026-09-27 17:59:29,584 [INFO] aiogram.event: Update id=82902189 is handled. Duration 13 ms by bot id=8824105826
2026-09-27 17:59:29,602 [INFO] aiogram.event: Update id=82902190 is not handled. Duration 17 ms by bot id=8824105826
2026-09-27 17:59:29,627 [INFO] aiogram.event: Update id=82902191 is not handled. Duration 23 ms by bot id=8824105826
2026-09-27 17:59:29,661 [INFO] aiogram.event: Update id=82902192 is not handled. Duration 33 ms by bot id=8824105826
2026-09-27 17:59:29,687 [INFO] aiogram.event: Update id=82902193 is not handled. Duration 25 ms by bot id=8824105826
2026-09-27 17:59:29,714 [INFO] aiogram.event: Update id=82902194 is not handled. Duration 26 ms by bot id=8824105826
2026-09-27 17:59:29,740 [INFO] aiogram.event: Update id=82902195 is handled. Duration 25 ms by bot id=8824105826
2026-09-27 17:59:29,766 [INFO] aiogram.event: Update id=82902196 is not handled. Duration 24 ms by bot id=8824105826
2026-09-27 17:59:29,795 [INFO] aiogram.event: Update id=82902197 is not handled. Duration 27 ms by bot id=8824105826
2026-09-27 17:59:29,828 [INFO] aiogram.event: Update id=82902198 is not handled. Duration 31 ms by bot id=8824105826
2026-09-27 17:59:29,869 [INFO] aiogram.event: Update id=82902199 is not handled. Duration 37 ms by bot id=8824105826
2026-09-27 17:59:29,899 [INFO] aiogram.event: Update id=82902200 is not handled. Duration 30 ms by bot id=8824105826
2026-09-27 17:59:29,929 [INFO] aiogram.event: Update id=82902201 is handled. Duration 28 ms by bot id=8824105826
2026-09-27 17:59:29,950 [INFO] aiogram.event: Update id=82902202 is handled. Duration 21 ms by bot id=8824105826
2026-09-27 17:59:29,964 [INFO] aiogram.event: Update id=82902203 is handled. Duration 13 ms by bot id=8824105826
2026-09-27 17:59:29,987 [INFO] aiogram.event: Update id=82902204 is not handled. Duration 22 ms by bot id=8824105826
2026-09-27 17:59:30,018 [INFO] aiogram.event: Update id=82902205 is not handled. Duration 31 ms by bot id=8824105826
2026-09-27 17:59:30,080 [INFO] aiogram.event: Update id=82902207 is handled. Duration 25 ms by bot id=8824105826
2026-09-27 17:59:30,102 [INFO] aiogram.event: Update id=82902208 is not handled. Duration 19 ms by bot id=8824105826
2026-09-27 17:59:30,120 [INFO] aiogram.event: Update id=82902209 is handled. Duration 17 ms by bot id=8824105826
2026-09-27 17:59:30,142 [INFO] aiogram.event: Update id=82902210 is not handled. Duration 22 ms by bot id=8824105826
2026-09-27 17:59:30,169 [INFO] aiogram.event: Update id=82902211 is handled. Duration 25 ms by bot id=8824105826
2026-09-27 17:59:30,230 [INFO] aiogram.event: Update id=82902212 is not handled. Duration 60 ms by bot id=8824105826
2026-09-27 17:59:30,255 [INFO] aiogram.event: Update id=82902213 is handled. Duration 25 ms by bot id=8824105826
2026-09-27 17:59:30,274 [INFO] aiogram.event: Update id=82902214 is not handled. Duration 17 ms by bot id=8824105826
2026-09-27 17:59:30,291 [INFO] aiogram.event: Update id=82902215 is not handled. Duration 16 ms by bot id=8824105826
2026-09-27 17:59:30,307 [INFO] aiogram.event: Update id=82902216 is handled. Duration 15 ms by bot id=8824105826
2026-09-27 17:59:30,328 [INFO] aiogram.event: Update id=82902217 is not handled. Duration 20 ms by bot id=8824105826
2026-09-27 17:59:30,350 [INFO] aiogram.event: Update id=82902218 is not handled. Duration 22 ms by bot id=8824105826
2026-09-27 17:59:30,366 [INFO] aiogram.event: Update id=82902219 is handled. Duration 14 ms by bot id=8824105826
2026-09-27 17:59:30,383 [INFO] aiogram.event: Update id=82902220 is not handled. Duration 15 ms by bot id=8824105826
2026-09-27 17:59:30,401 [INFO] aiogram.event: Update id=82902221 is not handled. Duration 17 ms by bot id=8824105826
2026-09-27 17:59:30,420 [INFO] aiogram.event: Update id=82902222 is not handled. Duration 17 ms by bot id=8824105826
2026-09-27 17:59:30,433 [INFO] aiogram.event: Update id=82902223 is handled. Duration 12 ms by bot id=8824105826
2026-09-27 17:59:30,446 [INFO] aiogram.event: Update id=82902224 is handled. Duration 13 ms by bot id=8824105826
2026-09-27 17:59:30,461 [INFO] aiogram.event: Update id=82902225 is handled. Duration 13 ms by bot id=8824105826
2026-09-27 17:59:30,480 [INFO] aiogram.event: Update id=82902226 is not handled. Duration 18 ms by bot id=8824105826
2026-09-27 17:59:30,494 [INFO] aiogram.event: Update id=82902227 is handled. Duration 13 ms by bot id=8824105826
2026-09-27 17:59:30,515 [INFO] aiogram.event: Update id=82902228 is handled. Duration 18 ms by bot id=8824105826
2026-09-27 17:59:30,530 [INFO] aiogram.event: Update id=82902229 is handled. Duration 14 ms by bot id=8824105826
2026-09-27 17:59:30,546 [INFO] aiogram.event: Update id=82902230 is handled. Duration 14 ms by bot id=8824105826
2026-09-27 17:59:30,558 [INFO] aiogram.event: Update id=82902231 is handled. Duration 11 ms by bot id=8824105826
2026-09-27 17:59:30,572 [INFO] aiogram.event: Update id=82902232 is handled. Duration 13 ms by bot id=8824105826
2026-09-27 17:59:30,585 [INFO] aiogram.event: Update id=82902233 is handled. Duration 12 ms by bot id=8824105826
2026-09-27 17:59:30,597 [INFO] aiogram.event: Update id=82902234 is handled. Duration 11 ms by bot id=8824105826
2026-09-27 17:59:30,617 [INFO] aiogram.event: Update id=82902235 is not handled. Duration 19 ms by bot id=8824105826
2026-09-27 17:59:30,634 [INFO] aiogram.event: Update id=82902236 is not handled. Duration 16 ms by bot id=8824105826
2026-09-27 17:59:30,650 [INFO] aiogram.event: Update id=82902237 is not handled. Duration 15 ms by bot id=8824105826
2026-09-27 17:59:30,669 [INFO] aiogram.event: Update id=82902238 is not handled. Duration 17 ms by bot id=8824105826
2026-09-27 17:59:30,689 [INFO] aiogram.event: Update id=82902239 is not handled. Duration 19 ms by bot id=8824105826
2026-09-27 17:59:30,705 [INFO] aiogram.event: Update id=82902240 is handled. Duration 15 ms by bot id=8824105826
2026-09-27 17:59:30,720 [INFO] aiogram.event: Update id=82902241 is handled. Duration 14 ms by bot id=8824105826
2026-09-27 17:59:30,740 [INFO] aiogram.event: Update id=82902242 is not handled. Duration 19 ms by bot id=8824105826
2026-09-27 17:59:30,756 [INFO] aiogram.event: Update id=82902243 is not handled. Duration 15 ms by bot id=8824105826
2026-09-27 17:59:30,773 [INFO] aiogram.event: Update id=82902244 is not handled. Duration 16 ms by bot id=8824105826
2026-09-27 17:59:30,787 [INFO] aiogram.event: Update id=82902245 is handled. Duration 13 ms by bot id=8824105826
2026-09-27 17:59:30,800 [INFO] aiogram.event: Update id=82902246 is handled. Duration 12 ms by bot id=8824105826
2026-09-27 17:59:30,821 [INFO] aiogram.event: Update id=82902247 is not handled. Duration 20 ms by bot id=8824105826
2026-09-27 17:59:30,840 [INFO] aiogram.event: Update id=82902248 is not handled. Duration 18 ms by bot id=8824105826
2026-09-27 17:59:30,857 [INFO] aiogram.event: Update id=82902249 is not handled. Duration 17 ms by bot id=8824105826
2026-09-27 17:59:30,870 [INFO] aiogram.event: Update id=82902250 is handled. Duration 12 ms by bot id=8824105826
2026-09-27 17:59:30,907 [INFO] aiogram.event: Update id=82902252 is not handled. Duration 15 ms by bot id=8824105826
2026-09-27 17:59:30,922 [INFO] aiogram.event: Update id=82902253 is handled. Duration 14 ms by bot id=8824105826
2026-09-27 17:59:30,935 [INFO] aiogram.event: Update id=82902254 is handled. Duration 12 ms by bot id=8824105826
2026-09-27 17:59:30,940 [INFO] united_dialog: [del event] chat=8357354843 mids=[579816] owner=7113397602 notify=True
2026-09-27 17:59:30,944 [INFO] united_dialog: [del lookup] mid=579816 found=True
2026-09-27 17:59:30,962 [INFO] aiogram.event: Update id=82902256 is handled. Duration 12 ms by bot id=8824105826
2026-09-27 17:59:30,979 [INFO] aiogram.event: Update id=82902257 is not handled. Duration 16 ms by bot id=8824105826
2026-09-27 17:59:30,998 [INFO] aiogram.event: Update id=82902258 is not handled. Duration 18 ms by bot id=8824105826
2026-09-27 17:59:31,013 [INFO] aiogram.event: Update id=82902259 is handled. Duration 14 ms by bot id=8824105826
2026-09-27 17:59:31,027 [INFO] aiogram.event: Update id=82902260 is handled. Duration 14 ms by bot id=8824105826
2026-09-27 17:59:31,047 [INFO] aiogram.event: Update id=82902261 is handled. Duration 18 ms by bot id=8824105826
2026-09-27 17:59:31,064 [INFO] aiogram.event: Update id=82902262 is not handled. Duration 17 ms by bot id=8824105826
2026-09-27 17:59:31,084 [INFO] aiogram.event: Update id=82902263 is not handled. Duration 19 ms by bot id=8824105826
2026-09-27 17:59:31,101 [INFO] aiogram.event: Update id=82902264 is not handled. Duration 16 ms by bot id=8824105826
2026-09-27 17:59:31,115 [INFO] aiogram.event: Update id=82902265 is handled. Duration 14 ms by bot id=8824105826
2026-09-27 17:59:31,130 [INFO] aiogram.event: Update id=82902266 is handled. Duration 14 ms by bot id=8824105826
2026-09-27 17:59:31,145 [INFO] aiogram.event: Update id=82902267 is handled. Duration 14 ms by bot id=8824105826
2026-09-27 17:59:31,167 [INFO] aiogram.event: Update id=82902268 is not handled. Duration 20 ms by bot id=8824105826
2026-09-27 17:59:31,184 [INFO] aiogram.event: Update id=82902269 is not handled. Duration 16 ms by bot id=8824105826
2026-09-27 17:59:31,196 [INFO] aiogram.event: Update id=82902270 is handled. Duration 10 ms by bot id=8824105826
2026-09-27 17:59:31,215 [INFO] aiogram.event: Update id=82902271 is not handled. Duration 19 ms by bot id=8824105826
2026-09-27 17:59:31,229 [INFO] aiogram.event: Update id=82902272 is handled. Duration 13 ms by bot id=8824105826
2026-09-27 17:59:31,245 [INFO] aiogram.event: Update id=82902273 is handled. Duration 15 ms by bot id=8824105826
2026-09-27 17:59:31,262 [INFO] aiogram.event: Update id=82902274 is handled. Duration 15 ms by bot id=8824105826
2026-09-27 17:59:31,279 [INFO] aiogram.event: Update id=82902275 is not handled. Duration 16 ms by bot id=8824105826
2026-09-27 17:59:31,296 [INFO] aiogram.event: Update id=82902276 is not handled. Duration 16 ms by bot id=8824105826
2026-09-27 17:59:31,318 [INFO] aiogram.event: Update id=82902277 is not handled. Duration 21 ms by bot id=8824105826
2026-09-27 17:59:31,332 [INFO] aiogram.event: Update id=82902278 is handled. Duration 13 ms by bot id=8824105826
2026-09-27 17:59:31,349 [INFO] aiogram.event: Update id=82902279 is handled. Duration 16 ms by bot id=8824105826
2026-09-27 17:59:31,367 [INFO] aiogram.event: Update id=82902280 is not handled. Duration 17 ms by bot id=8824105826
2026-09-27 17:59:31,383 [INFO] aiogram.event: Update id=82902281 is handled. Duration 15 ms by bot id=8824105826
2026-09-27 17:59:31,401 [INFO] aiogram.event: Update id=82902282 is not handled. Duration 17 ms by bot id=8824105826
2026-09-27 17:59:31,417 [INFO] aiogram.event: Update id=82902283 is handled. Duration 15 ms by bot id=8824105826
2026-09-27 17:59:31,433 [INFO] aiogram.event: Update id=82902284 is handled. Duration 14 ms by bot id=8824105826
2026-09-27 17:59:31,445 [INFO] aiogram.event: Update id=82902285 is handled. Duration 11 ms by bot id=8824105826
2026-09-27 17:59:31,708 [INFO] aiogram.event: Update id=82902286 is not handled. Duration 29 ms by bot id=8824105826
2026-09-27 17:59:31,764 [INFO] aiogram.event: Update id=82902287 is not handled. Duration 55 ms by bot id=8824105826
2026-09-27 17:59:31,816 [INFO] aiogram.event: Update id=82902288 is handled. Duration 52 ms by bot id=8824105826
2026-09-27 17:59:31,837 [INFO] aiogram.event: Update id=82902289 is handled. Duration 20 ms by bot id=8824105826
2026-09-27 17:59:31,884 [INFO] aiogram.event: Update id=82902290 is handled. Duration 44 ms by bot id=8824105826
2026-09-27 17:59:31,930 [INFO] aiogram.event: Update id=82902291 is not handled. Duration 42 ms by bot id=8824105826
2026-09-27 17:59:31,961 [INFO] aiogram.event: Update id=82902292 is not handled. Duration 30 ms by bot id=8824105826
2026-09-27 17:59:31,994 [INFO] aiogram.event: Update id=82902293 is not handled. Duration 32 ms by bot id=8824105826
2026-09-27 17:59:32,018 [INFO] aiogram.event: Update id=82902294 is not handled. Duration 24 ms by bot id=8824105826
2026-09-27 17:59:32,070 [INFO] aiogram.event: Update id=82902295 is not handled. Duration 46 ms by bot id=8824105826
2026-09-27 17:59:32,098 [INFO] aiogram.event: Update id=82902296 is not handled. Duration 27 ms by bot id=8824105826
2026-09-27 17:59:32,121 [INFO] aiogram.event: Update id=82902297 is handled. Duration 22 ms by bot id=8824105826
2026-09-27 17:59:32,146 [INFO] aiogram.event: Update id=82902298 is handled. Duration 22 ms by bot id=8824105826
2026-09-27 17:59:32,176 [INFO] aiogram.event: Update id=82902299 is not handled. Duration 28 ms by bot id=8824105826
2026-09-27 17:59:32,199 [INFO] aiogram.event: Update id=82902300 is not handled. Duration 22 ms by bot id=8824105826
2026-09-27 17:59:32,224 [INFO] aiogram.event: Update id=82902301 is handled. Duration 24 ms by bot id=8824105826
2026-09-27 17:59:32,244 [INFO] aiogram.event: Update id=82902302 is handled. Duration 20 ms by bot id=8824105826
2026-09-27 17:59:32,267 [INFO] aiogram.event: Update id=82902303 is not handled. Duration 22 ms by bot id=8824105826
2026-09-27 17:59:32,293 [INFO] aiogram.event: Update id=82902304 is not handled. Duration 25 ms by bot id=8824105826
2026-09-27 17:59:32,332 [INFO] aiogram.event: Update id=82902305 is handled. Duration 38 ms by bot id=8824105826
2026-09-27 17:59:32,355 [INFO] aiogram.event: Update id=82902306 is handled. Duration 21 ms by bot id=8824105826
2026-09-27 17:59:32,387 [INFO] aiogram.event: Update id=82902307 is not handled. Duration 30 ms by bot id=8824105826
2026-09-27 17:59:32,432 [INFO] aiogram.event: Update id=82902308 is not handled. Duration 40 ms by bot id=8824105826
2026-09-27 17:59:32,481 [INFO] aiogram.event: Update id=82902309 is handled. Duration 48 ms by bot id=8824105826
2026-09-27 17:59:32,510 [INFO] aiogram.event: Update id=82902310 is handled. Duration 29 ms by bot id=8824105826
2026-09-27 17:59:32,544 [INFO] aiogram.event: Update id=82902311 is not handled. Duration 31 ms by bot id=8824105826
2026-09-27 17:59:32,576 [INFO] aiogram.event: Update id=82902312 is handled. Duration 32 ms by bot id=8824105826
2026-09-27 17:59:32,618 [INFO] aiogram.event: Update id=82902313 is not handled. Duration 38 ms by bot id=8824105826
2026-09-27 17:59:32,647 [INFO] aiogram.event: Update id=82902314 is not handled. Duration 29 ms by bot id=8824105826
2026-09-27 17:59:32,685 [INFO] aiogram.event: Update id=82902315 is not handled. Duration 36 ms by bot id=8824105826
2026-09-27 17:59:32,710 [INFO] aiogram.event: Update id=82902316 is handled. Duration 24 ms by bot id=8824105826
2026-09-27 17:59:32,736 [INFO] aiogram.event: Update id=82902317 is not handled. Duration 24 ms by bot id=8824105826
2026-09-27 17:59:32,762 [INFO] aiogram.event: Update id=82902318 is not handled. Duration 25 ms by bot id=8824105826
2026-09-27 17:59:32,789 [INFO] aiogram.event: Update id=82902319 is handled. Duration 26 ms by bot id=8824105826
2026-09-27 17:59:32,825 [INFO] aiogram.event: Update id=82902320 is handled. Duration 34 ms by bot id=8824105826
2026-09-27 17:59:32,853 [INFO] aiogram.event: Update id=82902321 is not handled. Duration 25 ms by bot id=8824105826
2026-09-27 17:59:32,877 [INFO] aiogram.event: Update id=82902322 is not handled. Duration 24 ms by bot id=8824105826
2026-09-27 17:59:32,892 [INFO] aiogram.event: Update id=82902323 is handled. Duration 14 ms by bot id=8824105826
2026-09-27 17:59:32,911 [INFO] aiogram.event: Update id=82902324 is not handled. Duration 18 ms by bot id=8824105826
2026-09-27 17:59:32,930 [INFO] aiogram.event: Update id=82902325 is not handled. Duration 16 ms by bot id=8824105826
2026-09-27 17:59:32,946 [INFO] aiogram.event: Update id=82902326 is not handled. Duration 15 ms by bot id=8824105826
2026-09-27 17:59:32,966 [INFO] aiogram.event: Update id=82902327 is not handled. Duration 20 ms by bot id=8824105826
2026-09-27 17:59:32,986 [INFO] aiogram.event: Update id=82902328 is not handled. Duration 18 ms by bot id=8824105826
2026-09-27 17:59:33,000 [INFO] aiogram.event: Update id=82902329 is handled. Duration 14 ms by bot id=8824105826
2026-09-27 17:59:33,020 [INFO] aiogram.event: Update id=82902330 is not handled. Duration 18 ms by bot id=8824105826
2026-09-27 17:59:33,041 [INFO] aiogram.event: Update id=82902331 is not handled. Duration 20 ms by bot id=8824105826
2026-09-27 17:59:33,062 [INFO] aiogram.event: Update id=82902332 is handled. Duration 20 ms by bot id=8824105826
2026-09-27 17:59:33,079 [INFO] aiogram.event: Update id=82902333 is not handled. Duration 16 ms by bot id=8824105826
2026-09-27 17:59:33,098 [INFO] aiogram.event: Update id=82902334 is not handled. Duration 18 ms by bot id=8824105826
2026-09-27 17:59:33,118 [INFO] aiogram.event: Update id=82902335 is handled. Duration 18 ms by bot id=8824105826
2026-09-27 17:59:33,135 [INFO] aiogram.event: Update id=82902336 is handled. Duration 16 ms by bot id=8824105826
2026-09-27 17:59:33,154 [INFO] aiogram.event: Update id=82902337 is not handled. Duration 18 ms by bot id=8824105826
2026-09-27 17:59:33,170 [INFO] aiogram.event: Update id=82902338 is handled. Duration 14 ms by bot id=8824105826
2026-09-27 17:59:33,187 [INFO] aiogram.event: Update id=82902339 is handled. Duration 17 ms by bot id=8824105826
2026-09-27 17:59:33,225 [INFO] aiogram.event: Update id=82902340 is not handled. Duration 36 ms by bot id=8824105826
2026-09-27 17:59:33,251 [INFO] aiogram.event: Update id=82902341 is not handled. Duration 23 ms by bot id=8824105826
2026-09-27 17:59:33,276 [INFO] aiogram.event: Update id=82902342 is not handled. Duration 23 ms by bot id=8824105826
2026-09-27 17:59:33,328 [INFO] aiogram.event: Update id=82902343 is not handled. Duration 52 ms by bot id=8824105826
2026-09-27 17:59:33,364 [INFO] aiogram.event: Update id=82902344 is not handled. Duration 35 ms by bot id=8824105826
2026-09-27 17:59:33,383 [INFO] aiogram.event: Update id=82902345 is not handled. Duration 18 ms by bot id=8824105826
2026-09-27 17:59:33,398 [INFO] aiogram.event: Update id=82902346 is handled. Duration 14 ms by bot id=8824105826
2026-09-27 17:59:33,424 [INFO] aiogram.event: Update id=82902347 is not handled. Duration 25 ms by bot id=8824105826
2026-09-27 17:59:33,448 [INFO] aiogram.event: Update id=82902348 is handled. Duration 23 ms by bot id=8824105826
2026-09-27 17:59:33,469 [INFO] aiogram.event: Update id=82902349 is not handled. Duration 19 ms by bot id=8824105826
2026-09-27 17:59:33,483 [INFO] aiogram.event: Update id=82902350 is handled. Duration 13 ms by bot id=8824105826
2026-09-27 17:59:33,504 [INFO] aiogram.event: Update id=82902351 is not handled. Duration 20 ms by bot id=8824105826
2026-09-27 17:59:33,527 [INFO] aiogram.event: Update id=82902352 is not handled. Duration 22 ms by bot id=8824105826
2026-09-27 17:59:33,543 [INFO] aiogram.event: Update id=82902353 is handled. Duration 15 ms by bot id=8824105826
2026-09-27 17:59:33,559 [INFO] aiogram.event: Update id=82902354 is not handled. Duration 16 ms by bot id=8824105826
2026-09-27 17:59:33,576 [INFO] aiogram.event: Update id=82902355 is not handled. Duration 16 ms by bot id=8824105826
2026-09-27 17:59:33,592 [INFO] aiogram.event: Update id=82902356 is not handled. Duration 15 ms by bot id=8824105826
2026-09-27 17:59:33,609 [INFO] aiogram.event: Update id=82902357 is not handled. Duration 16 ms by bot id=8824105826
2026-09-27 17:59:33,627 [INFO] aiogram.event: Update id=82902358 is handled. Duration 17 ms by bot id=8824105826
2026-09-27 17:59:33,648 [INFO] aiogram.event: Update id=82902359 is not handled. Duration 20 ms by bot id=8824105826
2026-09-27 17:59:33,668 [INFO] aiogram.event: Update id=82902360 is handled. Duration 19 ms by bot id=8824105826
2026-09-27 17:59:33,683 [INFO] aiogram.event: Update id=82902361 is not handled. Duration 14 ms by bot id=8824105826
2026-09-27 17:59:33,703 [INFO] aiogram.event: Update id=82902362 is not handled. Duration 18 ms by bot id=8824105826
2026-09-27 17:59:33,722 [INFO] aiogram.event: Update id=82902363 is not handled. Duration 18 ms by bot id=8824105826
2026-09-27 17:59:33,736 [INFO] aiogram.event: Update id=82902364 is handled. Duration 14 ms by bot id=8824105826
2026-09-27 17:59:33,751 [INFO] aiogram.event: Update id=82902365 is handled. Duration 13 ms by bot id=8824105826
2026-09-27 17:59:33,769 [INFO] aiogram.event: Update id=82902366 is not handled. Duration 18 ms by bot id=8824105826
2026-09-27 17:59:33,791 [INFO] aiogram.event: Update id=82902367 is not handled. Duration 20 ms by bot id=8824105826
2026-09-27 17:59:33,813 [INFO] aiogram.event: Update id=82902368 is not handled. Duration 21 ms by bot id=8824105826
2026-09-27 17:59:33,830 [INFO] aiogram.event: Update id=82902369 is handled. Duration 16 ms by bot id=8824105826
2026-09-27 17:59:33,846 [INFO] aiogram.event: Update id=82902370 is handled. Duration 15 ms by bot id=8824105826
2026-09-27 17:59:33,868 [INFO] aiogram.event: Update id=82902371 is handled. Duration 20 ms by bot id=8824105826
2026-09-27 17:59:33,888 [INFO] aiogram.event: Update id=82902372 is not handled. Duration 19 ms by bot id=8824105826
2026-09-27 17:59:33,904 [INFO] aiogram.event: Update id=82902373 is not handled. Duration 15 ms by bot id=8824105826
2026-09-27 17:59:33,924 [INFO] aiogram.event: Update id=82902374 is not handled. Duration 19 ms by bot id=8824105826
2026-09-27 17:59:33,936 [INFO] aiogram.event: Update id=82902375 is handled. Duration 9 ms by bot id=8824105826
2026-09-27 17:59:33,956 [INFO] aiogram.event: Update id=82902376 is not handled. Duration 20 ms by bot id=8824105826
2026-09-27 17:59:33,968 [INFO] aiogram.event: Update id=82902377 is handled. Duration 11 ms by bot id=8824105826
2026-09-27 17:59:33,995 [INFO] aiogram.event: Update id=82902378 is not handled. Duration 25 ms by bot id=8824105826
2026-09-27 17:59:34,010 [INFO] aiogram.event: Update id=82902379 is handled. Duration 15 ms by bot id=8824105826
2026-09-27 17:59:34,029 [INFO] aiogram.event: Update id=82902380 is not handled. Duration 17 ms by bot id=8824105826
2026-09-27 17:59:34,044 [INFO] aiogram.event: Update id=82902381 is handled. Duration 15 ms by bot id=8824105826
2026-09-27 17:59:34,057 [INFO] aiogram.event: Update id=82902382 is handled. Duration 12 ms by bot id=8824105826
2026-09-27 17:59:34,074 [INFO] aiogram.event: Update id=82902383 is not handled. Duration 16 ms by bot id=8824105826
2026-09-27 17:59:34,087 [INFO] aiogram.event: Update id=82902384 is handled. Duration 12 ms by bot id=8824105826
2026-09-27 17:59:34,102 [INFO] aiogram.event: Update id=82902385 is not handled. Duration 14 ms by bot id=8824105826
2026-09-27 17:59:34,328 [INFO] aiogram.event: Update id=82902386 is handled. Duration 25 ms by bot id=8824105826
2026-09-27 17:59:34,350 [INFO] aiogram.event: Update id=82902387 is not handled. Duration 21 ms by bot id=8824105826
2026-09-27 17:59:34,367 [INFO] aiogram.event: Update id=82902388 is handled. Duration 16 ms by bot id=8824105826
2026-09-27 17:59:34,386 [INFO] aiogram.event: Update id=82902389 is not handled. Duration 18 ms by bot id=8824105826
2026-09-27 17:59:34,405 [INFO] aiogram.event: Update id=82902390 is handled. Duration 18 ms by bot id=8824105826
2026-09-27 17:59:34,423 [INFO] aiogram.event: Update id=82902391 is not handled. Duration 17 ms by bot id=8824105826
2026-09-27 17:59:34,442 [INFO] aiogram.event: Update id=82902392 is handled. Duration 18 ms by bot id=8824105826
2026-09-27 17:59:34,468 [INFO] aiogram.event: Update id=82902393 is not handled. Duration 25 ms by bot id=8824105826
2026-09-27 17:59:34,530 [INFO] aiogram.event: Update id=82902394 is not handled. Duration 62 ms by bot id=8824105826
2026-09-27 17:59:34,559 [INFO] aiogram.event: Update id=82902395 is not handled. Duration 28 ms by bot id=8824105826
2026-09-27 17:59:34,606 [INFO] aiogram.event: Update id=82902396 is not handled. Duration 46 ms by bot id=8824105826
2026-09-27 17:59:34,628 [INFO] aiogram.event: Update id=82902397 is not handled. Duration 21 ms by bot id=8824105826
2026-09-27 17:59:35,912 [INFO] united_dialog: [media ↓] 579962 → jpg
2026-09-27 17:59:36,260 [INFO] aiogram.event: Update id=82902255 is handled. Duration 5324 ms by bot id=8824105826
2026-09-27 17:59:36,316 [INFO] united_dialog: [media ↓] 579850 → jpg
2026-09-27 17:59:36,651 [INFO] united_dialog: [media ↓] 579860 → jpg
2026-09-27 17:59:36,876 [INFO] united_dialog: [media ↓] 579836 → mp4
2026-09-27 17:59:36,909 [INFO] united_dialog: [media ↓] 579604 → jpg
2026-09-27 17:59:37,153 [INFO] united_dialog: [vm transform] preset=3 filter=asetrate=48000*1.55,aresample=48000,atempo=0.65 in=33955b out=38705b
2026-09-27 17:59:37,328 [INFO] united_dialog: [media ↓] 579966 → bin
2026-09-27 17:59:37,433 [INFO] united_dialog: [media ↓] 579702 → ogg
2026-09-27 17:59:37,836 [INFO] united_dialog: [vm transform] preset=3 filter=asetrate=48000*1.55,aresample=48000,atempo=0.65 in=1630b out=11950b
2026-09-27 17:59:38,774 [INFO] united_dialog: [vm sent] preset=3 chat=5194433280 mid=579482
2026-09-27 17:59:38,775 [INFO] aiogram.event: Update id=82902010 is not handled. Duration 13174 ms by bot id=8824105826
2026-09-27 17:59:39,988 [INFO] united_dialog: [media ↓] 579584 → mp4
2026-09-27 17:59:40,357 [INFO] united_dialog: [media ↓] 579854 → webp
2026-09-27 17:59:40,532 [INFO] united_dialog: [vm sent] preset=3 chat=5194433280 mid=579480
2026-09-27 17:59:40,532 [INFO] aiogram.event: Update id=82902008 is not handled. Duration 14998 ms by bot id=8824105826
2026-09-27 17:59:41,911 [INFO] united_dialog: [media ↓] 579800 → mp4
2026-09-27 17:59:41,983 [INFO] united_dialog: [media ↓] 579619 → ogg
2026-09-27 17:59:42,432 [INFO] united_dialog: [media ↓] 579624 → jpg
2026-09-27 17:59:43,264 [INFO] united_dialog: [media ↓] 579816 → jpg
2026-09-27 17:59:43,552 [INFO] united_dialog: [vm transform] preset=3 filter=asetrate=48000*1.55,aresample=48000,atempo=0.65 in=42415b out=48950b
2026-09-27 17:59:43,966 [INFO] united_dialog: [vm sent] preset=3 chat=5194433280 mid=579691
2026-09-27 17:59:43,967 [INFO] aiogram.event: Update id=82902206 is not handled. Duration 13948 ms by bot id=8824105826
2026-09-27 17:59:44,937 [INFO] united_dialog: [del event] chat=5194433280 mids=[579482] owner=7113397602 notify=True
2026-09-27 17:59:44,945 [INFO] aiogram.event: Update id=82902398 is handled. Duration 14 ms by bot id=8824105826
2026-09-27 17:59:44,950 [INFO] united_dialog: [del event] chat=5194433280 mids=[579480] owner=7113397602 notify=True
2026-09-27 17:59:44,957 [INFO] aiogram.event: Update id=82902399 is handled. Duration 11 ms by bot id=8824105826
2026-09-27 17:59:44,965 [INFO] united_dialog: [del event] chat=5194433280 mids=[579815] owner=7113397602 notify=True
2026-09-27 17:59:44,970 [INFO] aiogram.event: Update id=82902400 is handled. Duration 11 ms by bot id=8824105826
2026-09-27 17:59:44,995 [INFO] united_dialog: [del event] chat=5194433280 mids=[579691] owner=7113397602 notify=True
2026-09-27 17:59:45,004 [INFO] aiogram.event: Update id=82902401 is handled. Duration 32 ms by bot id=8824105826
2026-09-27 17:59:45,013 [INFO] united_dialog: [del event] chat=5194433280 mids=[580008, 580009] owner=7113397602 notify=True
2026-09-27 17:59:45,027 [INFO] united_dialog: [del lookup] mid=580008 found=False
2026-09-27 17:59:45,027 [INFO] united_dialog: [del skip vm-blind] mid=580008
2026-09-27 17:59:45,030 [INFO] united_dialog: [del lookup] mid=580009 found=False
2026-09-27 17:59:45,032 [INFO] united_dialog: [del skip vm-blind] mid=580009
2026-09-27 17:59:45,033 [INFO] aiogram.event: Update id=82902402 is handled. Duration 27 ms by bot id=8824105826
2026-09-27 17:59:45,411 [INFO] united_dialog: [media ↓] 579661 → ogg
2026-09-27 17:59:45,744 [INFO] united_dialog: [media ↓] 579651 → ogg
2026-09-27 17:59:45,845 [INFO] united_dialog: [media ↓] 579589 → ogg
2026-09-27 17:59:46,367 [INFO] united_dialog: [media ↓] 579653 → ogg
2026-09-27 17:59:47,044 [INFO] united_dialog: [vm transform] preset=3 filter=asetrate=48000*1.55,aresample=48000,atempo=0.65 in=138635b out=26908b
2026-09-27 17:59:47,230 [INFO] united_dialog: [media ↓] 579705 → ogg
2026-09-27 17:59:47,533 [INFO] united_dialog: [vm sent] preset=3 chat=5194433280 mid=579815
2026-09-27 17:59:47,534 [INFO] aiogram.event: Update id=82902251 is not handled. Duration 16663 ms by bot id=8824105826
2026-09-27 17:59:48,169 [INFO] united_dialog: [media ↓] 579827 → jpg
2026-09-27 17:59:48,492 [INFO] united_dialog: [media ↓] 579953 → ogg
2026-09-27 17:59:48,713 [INFO] united_dialog: [media ↓] 579613 → mp4
2026-09-27 17:59:49,023 [INFO] united_dialog: [media ↓] 579519 → mp4
2026-09-27 17:59:49,759 [INFO] united_dialog: [media ↓] 579951 → jpg
2026-09-27 17:59:50,007 [INFO] united_dialog: [media ↓] 579524 → mp4
2026-09-27 17:59:50,557 [INFO] united_dialog: [media ↓] 579716 → mp4
2026-09-27 17:59:51,849 [INFO] united_dialog: [media ↓] 579679 → mp4
2026-09-27 17:59:51,875 [INFO] united_dialog: [del event] chat=5194433280 mids=[580010, 580011] owner=7113397602 notify=True
2026-09-27 17:59:51,883 [INFO] united_dialog: [del lookup] mid=580010 found=False
2026-09-27 17:59:51,885 [INFO] united_dialog: [del skip vm-blind] mid=580010
2026-09-27 17:59:51,891 [INFO] united_dialog: [del lookup] mid=580011 found=False
2026-09-27 17:59:51,891 [INFO] united_dialog: [del skip vm-blind] mid=580011
2026-09-27 17:59:51,892 [INFO] aiogram.event: Update id=82902403 is handled. Duration 24 ms by bot id=8824105826
2026-09-27 17:59:51,970 [INFO] united_dialog: [media ↓] 579823 → mp4
2026-09-27 17:59:52,077 [INFO] united_dialog: [media ↓] 579712 → ogg
2026-09-27 17:59:53,824 [INFO] united_dialog: [media ↓] 579648 → mp4
2026-09-27 17:59:54,348 [INFO] united_dialog: [media ↓] 579502 → bin
2026-09-27 17:59:54,435 [INFO] united_dialog: [media ↓] 579943 → ogg
2026-09-27 17:59:55,002 [INFO] united_dialog: [media ↓] 579596 → mp4
2026-09-27 17:59:57,597 [INFO] united_dialog: [media ↓] 579838 → mp4
2026-09-27 17:59:57,719 [INFO] united_dialog: [media ↓] 579530 → mp4
2026-09-27 17:59:57,774 [INFO] united_dialog: [media ↓] 579692 → mp4
2026-09-27 18:00:03,583 [INFO] united_dialog: [media ↓] 579665 → mp4
2026-09-27 18:00:05,177 [INFO] united_dialog: [media ↓] 579467 → bin
2026-09-27 18:00:05,181 [INFO] united_dialog: [media ↓] 579847 → mp4
2026-09-27 18:00:05,580 [WARNING] united_dialog: download media: 
2026-09-27 18:00:06,840 [ERROR] asyncio: Task exception was never retrieved
future: <Task finished name='Task-232' coro=<download_one_media() done, defined at /home/maya/united/bot.py:2875> exception=TimeoutError()>
Traceback (most recent call last):
  File "/home/maya/united/bot.py", line 2895, in download_one_media
    await bot.download_file(tg_file.file_path, destination=target)
  File "/home/maya/united/venv/lib/python3.12/site-packages/aiogram/client/bot.py", line 459, in download_file
    await self.__download_file(destination=destination, stream=stream)
  File "/home/maya/united/venv/lib/python3.12/site-packages/aiogram/client/bot.py", line 408, in __download_file
    async for chunk in stream:
  File "/home/maya/united/venv/lib/python3.12/site-packages/aiogram/client/session/aiohttp.py", line 204, in stream_content
    async for chunk in resp.content.iter_chunked(chunk_size):
  File "/home/maya/united/venv/lib/python3.12/site-packages/aiohttp/streams.py", line 46, in __anext__
    rv = await self.read_func()
         ^^^^^^^^^^^^^^^^^^^^^^
  File "/home/maya/united/venv/lib/python3.12/site-packages/aiohttp/streams.py", line 450, in read
    return self._read_nowait(n)
           ^^^^^^^^^^^^^^^^^^^^
  File "/home/maya/united/venv/lib/python3.12/site-packages/aiohttp/streams.py", line 561, in _read_nowait
    self._timer.assert_timeout()
  File "/home/maya/united/venv/lib/python3.12/site-packages/aiohttp/helpers.py", line 719, in assert_timeout
    raise asyncio.TimeoutError from None
TimeoutError
2026-09-27 18:00:07,029 [ERROR] asyncio: Task exception was never retrieved
future: <Task finished name='Task-246' coro=<download_one_media() done, defined at /home/maya/united/bot.py:2875> exception=TimeoutError()>
Traceback (most recent call last):
  File "/home/maya/united/bot.py", line 2895, in download_one_media
    await bot.download_file(tg_file.file_path, destination=target)
  File "/home/maya/united/venv/lib/python3.12/site-packages/aiogram/client/bot.py", line 459, in download_file
    await self.__download_file(destination=destination, stream=stream)
  File "/home/maya/united/venv/lib/python3.12/site-packages/aiogram/client/bot.py", line 408, in __download_file
    async for chunk in stream:
  File "/home/maya/united/venv/lib/python3.12/site-packages/aiogram/client/session/aiohttp.py", line 204, in stream_content
    async for chunk in resp.content.iter_chunked(chunk_size):
  File "/home/maya/united/venv/lib/python3.12/site-packages/aiohttp/streams.py", line 46, in __anext__
    rv = await self.read_func()
         ^^^^^^^^^^^^^^^^^^^^^^
  File "/home/maya/united/venv/lib/python3.12/site-packages/aiohttp/streams.py", line 450, in read
    return self._read_nowait(n)
           ^^^^^^^^^^^^^^^^^^^^
  File "/home/maya/united/venv/lib/python3.12/site-packages/aiohttp/streams.py", line 561, in _read_nowait
    self._timer.assert_timeout()
  File "/home/maya/united/venv/lib/python3.12/site-packages/aiohttp/helpers.py", line 719, in assert_timeout
    raise asyncio.TimeoutError from None
TimeoutError
2026-09-27 18:00:07,074 [ERROR] asyncio: Task exception was never retrieved
future: <Task finished name='Task-120' coro=<download_one_media() done, defined at /home/maya/united/bot.py:2875> exception=TimeoutError()>
Traceback (most recent call last):
  File "/home/maya/united/bot.py", line 2895, in download_one_media
    await bot.download_file(tg_file.file_path, destination=target)
  File "/home/maya/united/venv/lib/python3.12/site-packages/aiogram/client/bot.py", line 459, in download_file
    await self.__download_file(destination=destination, stream=stream)
  File "/home/maya/united/venv/lib/python3.12/site-packages/aiogram/client/bot.py", line 408, in __download_file
    async for chunk in stream:
  File "/home/maya/united/venv/lib/python3.12/site-packages/aiogram/client/session/aiohttp.py", line 204, in stream_content
    async for chunk in resp.content.iter_chunked(chunk_size):
  File "/home/maya/united/venv/lib/python3.12/site-packages/aiohttp/streams.py", line 46, in __anext__
    rv = await self.read_func()
         ^^^^^^^^^^^^^^^^^^^^^^
  File "/home/maya/united/venv/lib/python3.12/site-packages/aiohttp/streams.py", line 450, in read
    return self._read_nowait(n)
           ^^^^^^^^^^^^^^^^^^^^
  File "/home/maya/united/venv/lib/python3.12/site-packages/aiohttp/streams.py", line 561, in _read_nowait
    self._timer.assert_timeout()
  File "/home/maya/united/venv/lib/python3.12/site-packages/aiohttp/helpers.py", line 719, in assert_timeout
    raise asyncio.TimeoutError from None
TimeoutError
2026-09-27 18:00:07,121 [ERROR] asyncio: Task exception was never retrieved
future: <Task finished name='Task-372' coro=<download_one_media() done, defined at /home/maya/united/bot.py:2875> exception=TimeoutError()>
Traceback (most recent call last):
  File "/home/maya/united/bot.py", line 2895, in download_one_media
    await bot.download_file(tg_file.file_path, destination=target)
  File "/home/maya/united/venv/lib/python3.12/site-packages/aiogram/client/bot.py", line 459, in download_file
    await self.__download_file(destination=destination, stream=stream)
  File "/home/maya/united/venv/lib/python3.12/site-packages/aiogram/client/bot.py", line 408, in __download_file
    async for chunk in stream:
  File "/home/maya/united/venv/lib/python3.12/site-packages/aiogram/client/session/aiohttp.py", line 204, in stream_content
    async for chunk in resp.content.iter_chunked(chunk_size):
  File "/home/maya/united/venv/lib/python3.12/site-packages/aiohttp/streams.py", line 46, in __anext__
    rv = await self.read_func()
         ^^^^^^^^^^^^^^^^^^^^^^
  File "/home/maya/united/venv/lib/python3.12/site-packages/aiohttp/streams.py", line 450, in read
    return self._read_nowait(n)
           ^^^^^^^^^^^^^^^^^^^^
  File "/home/maya/united/venv/lib/python3.12/site-packages/aiohttp/streams.py", line 561, in _read_nowait
    self._timer.assert_timeout()
  File "/home/maya/united/venv/lib/python3.12/site-packages/aiohttp/helpers.py", line 719, in assert_timeout
    raise asyncio.TimeoutError from None
TimeoutError
2026-09-27 18:00:07,275 [INFO] united_dialog: [media ↓] 579483 → mp4
2026-09-27 18:00:07,314 [INFO] united_dialog: [media ↓] 579620 → mp4
2026-09-27 18:00:08,657 [INFO] united_dialog: [media ↓] 579537 → mp4
2026-09-27 18:00:10,023 [INFO] united_dialog: archive: Готово: 14 архивов
2026-09-27 18:00:10,952 [INFO] aiogram.event: Update id=82902404 is handled. Duration 1539 ms by bot id=8824105826
2026-09-27 18:00:14,704 [INFO] aiogram.event: Update id=82902405 is handled. Duration 638 ms by bot id=8824105826
2026-09-27 18:00:57,737 [INFO] aiogram.event: Update id=82902407 is handled. Duration 33 ms by bot id=8824105826
2026-09-27 18:00:59,472 [INFO] aiogram.event: Update id=82902406 is handled. Duration 6353 ms by bot id=8824105826
2026-09-27 18:01:00,326 [INFO] aiogram.event: Update id=82902408 is handled. Duration 77 ms by bot id=8824105826
2026-09-27 18:01:02,358 [INFO] aiogram.event: Update id=82902409 is handled. Duration 44 ms by bot id=8824105826
2026-09-27 18:01:04,584 [INFO] aiogram.event: Update id=82902410 is not handled. Duration 83 ms by bot id=8824105826
2026-09-27 18:01:06,448 [INFO] aiogram.event: Update id=82902411 is handled. Duration 62 ms by bot id=8824105826
2026-09-27 18:01:10,778 [INFO] aiogram.event: Update id=82902412 is not handled. Duration 173 ms by bot id=8824105826
2026-09-27 18:01:12,216 [INFO] aiogram.event: Update id=82902413 is not handled. Duration 73 ms by bot id=8824105826
2026-09-27 18:01:14,427 [INFO] aiogram.event: Update id=82902414 is not handled. Duration 106 ms by bot id=8824105826
2026-09-27 18:01:22,543 [INFO] aiogram.event: Update id=82902415 is handled. Duration 2925 ms by bot id=8824105826
2026-09-27 18:01:26,892 [INFO] aiogram.event: Update id=82902416 is handled. Duration 328 ms by bot id=8824105826
2026-09-27 18:01:35,290 [INFO] aiogram.event: Update id=82902417 is handled. Duration 568 ms by bot id=8824105826
2026-09-27 18:01:39,889 [INFO] aiogram.event: Update id=82902418 is handled. Duration 474 ms by bot id=8824105826
2026-09-27 18:03:03,750 [WARNING] aiogram.dispatcher: Received SIGINT signal
2026-09-27 18:03:03,755 [INFO] aiogram.dispatcher: Polling stopped for bot @UnitedDialogBot id=8824105826 - 'United Dialog'
2026-09-27 18:03:03,759 [INFO] aiogram.dispatcher: Polling stopped
2026-09-27 18:03:03,767 [WARNING] united_dialog: web push failed: 
2026-09-27 18:03:04,323 [ERROR] asyncio: Task exception was never retrieved
future: <Task finished name='Task-377' coro=<download_one_media() done, defined at /home/maya/united/bot.py:2875> exception=TimeoutError()>
Traceback (most recent call last):
  File "/home/maya/united/venv/lib/python3.12/site-packages/aiohttp/streams.py", line 365, in _wait
    await waiter
asyncio.exceptions.CancelledError

The above exception was the direct cause of the following exception:

Traceback (most recent call last):
  File "/home/maya/united/bot.py", line 2895, in download_one_media
    await bot.download_file(tg_file.file_path, destination=target)
  File "/home/maya/united/venv/lib/python3.12/site-packages/aiogram/client/bot.py", line 459, in download_file
    await self.__download_file(destination=destination, stream=stream)
  File "/home/maya/united/venv/lib/python3.12/site-packages/aiogram/client/bot.py", line 408, in __download_file
    async for chunk in stream:
  File "/home/maya/united/venv/lib/python3.12/site-packages/aiogram/client/session/aiohttp.py", line 204, in stream_content
    async for chunk in resp.content.iter_chunked(chunk_size):
  File "/home/maya/united/venv/lib/python3.12/site-packages/aiohttp/streams.py", line 46, in __anext__
    rv = await self.read_func()
         ^^^^^^^^^^^^^^^^^^^^^^
  File "/home/maya/united/venv/lib/python3.12/site-packages/aiohttp/streams.py", line 448, in read
    await self._wait("read")
  File "/home/maya/united/venv/lib/python3.12/site-packages/aiohttp/streams.py", line 364, in _wait
    with self._timer:
  File "/home/maya/united/venv/lib/python3.12/site-packages/aiohttp/helpers.py", line 759, in __exit__
    raise asyncio.TimeoutError from exc_val
TimeoutError
2026-09-27 18:03:04,325 [ERROR] asyncio: Task exception was never retrieved
future: <Task finished name='Task-378' coro=<download_one_media() done, defined at /home/maya/united/bot.py:2875> exception=TimeoutError()>
Traceback (most recent call last):
  File "/home/maya/united/venv/lib/python3.12/site-packages/aiohttp/streams.py", line 365, in _wait
    await waiter
asyncio.exceptions.CancelledError

The above exception was the direct cause of the following exception:

Traceback (most recent call last):
  File "/home/maya/united/bot.py", line 2895, in download_one_media
    await bot.download_file(tg_file.file_path, destination=target)
  File "/home/maya/united/venv/lib/python3.12/site-packages/aiogram/client/bot.py", line 459, in download_file
    await self.__download_file(destination=destination, stream=stream)
  File "/home/maya/united/venv/lib/python3.12/site-packages/aiogram/client/bot.py", line 408, in __download_file
    async for chunk in stream:
  File "/home/maya/united/venv/lib/python3.12/site-packages/aiogram/client/session/aiohttp.py", line 204, in stream_content
    async for chunk in resp.content.iter_chunked(chunk_size):
  File "/home/maya/united/venv/lib/python3.12/site-packages/aiohttp/streams.py", line 46, in __anext__
    rv = await self.read_func()
         ^^^^^^^^^^^^^^^^^^^^^^
  File "/home/maya/united/venv/lib/python3.12/site-packages/aiohttp/streams.py", line 448, in read
    await self._wait("read")
  File "/home/maya/united/venv/lib/python3.12/site-packages/aiohttp/streams.py", line 364, in _wait
    with self._timer:
  File "/home/maya/united/venv/lib/python3.12/site-packages/aiohttp/helpers.py", line 759, in __exit__
    raise asyncio.TimeoutError from exc_val
TimeoutError
2026-09-27 18:03:04,327 [ERROR] asyncio: Task exception was never retrieved
future: <Task finished name='Task-380' coro=<download_one_media() done, defined at /home/maya/united/bot.py:2875> exception=TimeoutError()>
Traceback (most recent call last):
  File "/home/maya/united/venv/lib/python3.12/site-packages/aiohttp/streams.py", line 365, in _wait
    await waiter
asyncio.exceptions.CancelledError

The above exception was the direct cause of the following exception:

Traceback (most recent call last):
  File "/home/maya/united/bot.py", line 2895, in download_one_media
    await bot.download_file(tg_file.file_path, destination=target)
  File "/home/maya/united/venv/lib/python3.12/site-packages/aiogram/client/bot.py", line 459, in download_file
    await self.__download_file(destination=destination, stream=stream)
  File "/home/maya/united/venv/lib/python3.12/site-packages/aiogram/client/bot.py", line 408, in __download_file
    async for chunk in stream:
  File "/home/maya/united/venv/lib/python3.12/site-packages/aiogram/client/session/aiohttp.py", line 204, in stream_content
    async for chunk in resp.content.iter_chunked(chunk_size):
  File "/home/maya/united/venv/lib/python3.12/site-packages/aiohttp/streams.py", line 46, in __anext__
    rv = await self.read_func()
         ^^^^^^^^^^^^^^^^^^^^^^
  File "/home/maya/united/venv/lib/python3.12/site-packages/aiohttp/streams.py", line 448, in read
    await self._wait("read")
  File "/home/maya/united/venv/lib/python3.12/site-packages/aiohttp/streams.py", line 364, in _wait
    with self._timer:
  File "/home/maya/united/venv/lib/python3.12/site-packages/aiohttp/helpers.py", line 759, in __exit__
    raise asyncio.TimeoutError from exc_val
TimeoutError
2026-09-27 18:06:40,337 [INFO] united_dialog: United Dialog запущен.
2026-09-27 18:06:40,338 [INFO] aiogram.dispatcher: Start polling
2026-09-27 18:06:40,419 [INFO] aiogram.dispatcher: Run polling for bot @UnitedDialogBot id=8824105826 - 'United Dialog'
2026-09-27 18:06:40,553 [INFO] aiogram.event: Update id=82902419 is handled. Duration 19 ms by bot id=8824105826
2026-09-27 18:06:40,573 [INFO] aiogram.event: Update id=82902420 is not handled. Duration 18 ms by bot id=8824105826
2026-09-27 18:06:40,588 [INFO] aiogram.event: Update id=82902421 is not handled. Duration 14 ms by bot id=8824105826
2026-09-27 18:06:40,600 [INFO] aiogram.event: Update id=82902422 is handled. Duration 11 ms by bot id=8824105826
2026-09-27 18:06:40,616 [INFO] aiogram.event: Update id=82902423 is not handled. Duration 15 ms by bot id=8824105826
2026-09-27 18:06:40,631 [INFO] aiogram.event: Update id=82902424 is not handled. Duration 14 ms by bot id=8824105826
2026-09-27 18:06:40,642 [INFO] aiogram.event: Update id=82902425 is handled. Duration 10 ms by bot id=8824105826
2026-09-27 18:06:40,658 [INFO] aiogram.event: Update id=82902426 is not handled. Duration 15 ms by bot id=8824105826
2026-09-27 18:06:40,669 [INFO] aiogram.event: Update id=82902427 is handled. Duration 10 ms by bot id=8824105826
2026-09-27 18:06:40,681 [INFO] aiogram.event: Update id=82902428 is handled. Duration 11 ms by bot id=8824105826
2026-09-27 18:06:40,696 [INFO] aiogram.event: Update id=82902429 is not handled. Duration 15 ms by bot id=8824105826
2026-09-27 18:06:42,516 [INFO] united_dialog: [media ↓] 580032 → ogg
2026-09-27 18:06:51,233 [INFO] united_dialog: [media] скачано 10...
2026-09-27 18:06:54,365 [INFO] aiogram.event: Update id=82902430 is handled. Duration 380 ms by bot id=8824105826
2026-09-27 18:06:57,862 [INFO] aiogram.event: Update id=82902431 is handled. Duration 1080 ms by bot id=8824105826
2026-09-27 18:07:24,803 [INFO] united_dialog: [media] скачано 20...
2026-09-27 18:07:28,266 [INFO] aiogram.event: Update id=82902432 is handled. Duration 35 ms by bot id=8824105826
2026-09-27 18:07:29,991 [INFO] aiogram.event: Update id=82902433 is handled. Duration 34 ms by bot id=8824105826
2026-09-27 18:07:30,868 [INFO] aiogram.event: Update id=82902434 is handled. Duration 107 ms by bot id=8824105826
2026-09-27 18:07:32,967 [INFO] united_dialog: [media] скачано 30...
2026-09-27 18:07:38,901 [INFO] united_dialog: [media] скачано 40...
2026-09-27 18:07:44,232 [INFO] aiogram.event: Update id=82902435 is handled. Duration 25 ms by bot id=8824105826
2026-09-27 18:07:44,761 [INFO] united_dialog: [media ↓] 580043 → ogg
2026-09-27 18:07:57,575 [INFO] united_dialog: [media] скачано 50...
2026-09-27 18:07:59,996 [INFO] united_dialog: [media] всего скачано за прогон: 52
2026-09-27 18:08:01,903 [INFO] united_dialog: archive: Готово: 14 архивов
2026-09-27 18:08:05,739 [INFO] aiogram.event: Update id=82902436 is handled. Duration 18 ms by bot id=8824105826
2026-09-27 18:08:06,326 [INFO] aiogram.event: Update id=82902437 is not handled. Duration 21 ms by bot id=8824105826
2026-09-27 18:08:08,279 [INFO] aiogram.event: Update id=82902438 is handled. Duration 30 ms by bot id=8824105826
2026-09-27 18:08:20,198 [INFO] aiogram.event: Update id=82902439 is not handled. Duration 22 ms by bot id=8824105826
2026-09-27 18:08:21,692 [INFO] aiogram.event: Update id=82902440 is not handled. Duration 17 ms by bot id=8824105826
2026-09-27 18:08:24,095 [INFO] aiogram.event: Update id=82902441 is not handled. Duration 18 ms by bot id=8824105826
2026-09-27 18:08:28,691 [INFO] aiogram.event: Update id=82902442 is not handled. Duration 20 ms by bot id=8824105826
2026-09-27 18:08:41,486 [INFO] aiogram.event: Update id=82902443 is not handled. Duration 21 ms by bot id=8824105826
2026-09-27 18:08:51,538 [INFO] aiogram.event: Update id=82902444 is not handled. Duration 27 ms by bot id=8824105826
2026-09-27 18:08:53,799 [INFO] aiogram.event: Update id=82902445 is handled. Duration 17 ms by bot id=8824105826
2026-09-27 18:08:55,794 [INFO] aiogram.event: Update id=82902446 is not handled. Duration 21 ms by bot id=8824105826
2026-09-27 18:08:59,382 [INFO] aiogram.event: Update id=82902447 is handled. Duration 24 ms by bot id=8824105826
2026-09-27 18:09:02,657 [INFO] united_dialog: [media ↓] 580053 → ogg
2026-09-27 18:09:04,844 [INFO] aiogram.event: Update id=82902448 is not handled. Duration 18 ms by bot id=8824105826
2026-09-27 18:09:08,925 [INFO] aiogram.event: Update id=82902449 is handled. Duration 39 ms by bot id=8824105826
2026-09-27 18:09:09,477 [INFO] united_dialog: [media ↓] 580057 → ogg
2026-09-27 18:09:19,511 [INFO] aiogram.event: Update id=82902450 is not handled. Duration 38 ms by bot id=8824105826
2026-09-27 18:09:22,936 [INFO] aiogram.event: Update id=82902451 is not handled. Duration 40 ms by bot id=8824105826
2026-09-27 18:09:32,350 [INFO] aiogram.event: Update id=82902452 is not handled. Duration 34 ms by bot id=8824105826
2026-09-27 18:09:32,744 [INFO] aiogram.event: Update id=82902453 is handled. Duration 24 ms by bot id=8824105826
2026-09-27 18:09:56,472 [INFO] aiogram.event: Update id=82902454 is handled. Duration 23 ms by bot id=8824105826
2026-09-27 18:09:58,835 [INFO] united_dialog: [media ↓] 580062 → ogg
2026-09-27 18:10:41,504 [INFO] aiogram.event: Update id=82902455 is handled. Duration 19 ms by bot id=8824105826
2026-09-27 18:10:45,584 [INFO] united_dialog: [media ↓] 580063 → ogg
2026-09-27 18:10:46,380 [INFO] aiogram.event: Update id=82902456 is not handled. Duration 31 ms by bot id=8824105826
2026-09-27 18:11:15,992 [INFO] aiogram.event: Update id=82902457 is not handled. Duration 35 ms by bot id=8824105826
2026-09-27 18:11:16,849 [INFO] united_dialog: [media ↓] 580065 → jpg
2026-09-27 18:11:18,837 [INFO] aiogram.event: Update id=82902458 is handled. Duration 33 ms by bot id=8824105826
2026-09-27 18:11:26,013 [INFO] aiogram.event: Update id=82902459 is handled. Duration 41 ms by bot id=8824105826
2026-09-27 18:11:30,873 [INFO] united_dialog: [media ↓] 580066 → ogg
2026-09-27 18:11:51,744 [INFO] united_dialog: archive: pushed to web
2026-09-27 18:11:55,249 [INFO] aiogram.event: Update id=82902460 is not handled. Duration 19 ms by bot id=8824105826
2026-09-27 18:11:59,923 [INFO] aiogram.event: Update id=82902461 is handled. Duration 26 ms by bot id=8824105826
2026-09-27 18:12:00,854 [INFO] united_dialog: [media ↓] 580069 → jpg
2026-09-27 18:12:00,965 [INFO] aiogram.event: Update id=82902462 is handled. Duration 29 ms by bot id=8824105826
2026-09-27 18:12:07,035 [INFO] aiogram.event: Update id=82902463 is not handled. Duration 24 ms by bot id=8824105826
2026-09-27 18:12:12,672 [INFO] aiogram.event: Update id=82902464 is not handled. Duration 23 ms by bot id=8824105826
2026-09-27 18:12:14,167 [INFO] aiogram.event: Update id=82902465 is not handled. Duration 23 ms by bot id=8824105826
2026-09-27 18:12:16,736 [INFO] aiogram.event: Update id=82902466 is handled. Duration 16 ms by bot id=8824105826
2026-09-27 18:12:16,809 [INFO] aiogram.event: Update id=82902467 is handled. Duration 15 ms by bot id=8824105826
2026-09-27 18:12:17,841 [INFO] united_dialog: [media ↓] 580075 → ogg
2026-09-27 18:12:27,765 [INFO] aiogram.event: Update id=82902468 is not handled. Duration 24 ms by bot id=8824105826
2026-09-27 18:12:31,552 [INFO] aiogram.event: Update id=82902469 is not handled. Duration 19 ms by bot id=8824105826
2026-09-27 18:12:36,412 [INFO] aiogram.event: Update id=82902470 is not handled. Duration 28 ms by bot id=8824105826
2026-09-27 18:12:38,324 [INFO] aiogram.event: Update id=82902471 is handled. Duration 19 ms by bot id=8824105826
2026-09-27 18:12:39,264 [INFO] aiogram.event: Update id=82902472 is not handled. Duration 31 ms by bot id=8824105826
2026-09-27 18:12:39,372 [INFO] united_dialog: [media ↓] 580079 → ogg
2026-09-27 18:12:48,661 [INFO] aiogram.event: Update id=82902473 is handled. Duration 18 ms by bot id=8824105826
2026-09-27 18:12:51,308 [INFO] aiogram.event: Update id=82902474 is not handled. Duration 31 ms by bot id=8824105826
2026-09-27 18:13:00,070 [INFO] aiogram.event: Update id=82902475 is handled. Duration 16 ms by bot id=8824105826
2026-09-27 18:13:01,534 [INFO] aiogram.event: Update id=82902476 is handled. Duration 25 ms by bot id=8824105826
2026-09-27 18:13:09,966 [INFO] aiogram.event: Update id=82902477 is not handled. Duration 29 ms by bot id=8824105826
2026-09-27 18:13:15,740 [INFO] aiogram.event: Update id=82902478 is not handled. Duration 23 ms by bot id=8824105826
2026-09-27 18:13:26,019 [INFO] aiogram.event: Update id=82902479 is handled. Duration 30 ms by bot id=8824105826
2026-09-27 18:13:27,303 [INFO] aiogram.event: Update id=82902480 is not handled. Duration 29 ms by bot id=8824105826
2026-09-27 18:13:27,657 [INFO] aiogram.event: Update id=82902481 is handled. Duration 21 ms by bot id=8824105826
2026-09-27 18:13:28,707 [INFO] united_dialog: [media ↓] 580090 → ogg
2026-09-27 18:13:30,510 [INFO] aiogram.event: Update id=82902482 is not handled. Duration 23 ms by bot id=8824105826
2026-09-27 18:13:36,688 [INFO] aiogram.event: Update id=82902483 is handled. Duration 25 ms by bot id=8824105826
2026-09-27 18:13:37,653 [INFO] aiogram.event: Update id=82902484 is not handled. Duration 38 ms by bot id=8824105826
2026-09-27 18:13:39,957 [INFO] aiogram.event: Update id=82902485 is handled. Duration 24 ms by bot id=8824105826
2026-09-27 18:13:41,786 [INFO] aiogram.event: Update id=82902486 is handled. Duration 24 ms by bot id=8824105826
2026-09-27 18:13:42,938 [INFO] aiogram.event: Update id=82902487 is not handled. Duration 34 ms by bot id=8824105826
2026-09-27 18:13:42,991 [INFO] aiogram.event: Update id=82902488 is handled. Duration 13 ms by bot id=8824105826
2026-09-27 18:13:46,944 [INFO] aiogram.event: Update id=82902489 is handled. Duration 28 ms by bot id=8824105826
2026-09-27 18:13:51,766 [INFO] aiogram.event: Update id=82902490 is handled. Duration 42 ms by bot id=8824105826
2026-09-27 18:13:53,637 [INFO] aiogram.event: Update id=82902491 is handled. Duration 21 ms by bot id=8824105826
2026-09-27 18:14:05,333 [INFO] aiogram.event: Update id=82902492 is handled. Duration 35 ms by bot id=8824105826
2026-09-27 18:14:05,921 [INFO] united_dialog: [media ↓] 580101 → ogg
2026-09-27 18:14:08,891 [INFO] aiogram.event: Update id=82902493 is not handled. Duration 24 ms by bot id=8824105826
2026-09-27 18:14:09,250 [INFO] united_dialog: [media ↓] 580102 → jpg
2026-09-27 18:14:17,900 [INFO] aiogram.event: Update id=82902494 is not handled. Duration 19 ms by bot id=8824105826
2026-09-27 18:14:26,516 [INFO] aiogram.event: Update id=82902495 is handled. Duration 45 ms by bot id=8824105826
2026-09-27 18:14:27,492 [INFO] aiogram.event: Update id=82902496 is handled. Duration 36 ms by bot id=8824105826
2026-09-27 18:14:30,209 [INFO] aiogram.event: Update id=82902497 is not handled. Duration 42 ms by bot id=8824105826
2026-09-27 18:14:30,936 [INFO] aiogram.event: Update id=82902498 is not handled. Duration 39 ms by bot id=8824105826
2026-09-27 18:14:31,854 [INFO] united_dialog: [media ↓] 580104 → mp4
2026-09-27 18:14:31,910 [INFO] united_dialog: [media ↓] 580107 → webp
2026-09-27 18:14:31,946 [INFO] united_dialog: [media ↓] 580106 → webp
2026-09-27 18:14:38,617 [INFO] aiogram.event: Update id=82902499 is not handled. Duration 26 ms by bot id=8824105826
2026-09-27 18:14:50,363 [INFO] aiogram.event: Update id=82902500 is handled. Duration 27 ms by bot id=8824105826
2026-09-27 18:14:51,152 [INFO] united_dialog: [media ↓] 580109 → ogg
2026-09-27 18:14:59,378 [INFO] united_dialog: [media] скачано 10...
2026-09-27 18:15:05,138 [INFO] united_dialog: [media] всего скачано за прогон: 17
2026-09-27 18:15:07,605 [INFO] united_dialog: archive: Готово: 14 архивов
